 -- Registro de datos
 USE db_desarrollador;

 -- tb_sitio
 INSERT INTO tb_sitio (id, nombre, agregador) VALUES 
(1,"0100004_LM_Aeropuerto",1),
(2,"0100014_LM_Abtao",0),
(3,"0100019_LM_Jesus_Maria",0),
(4,"0100020_LM_Agatas",0),
(5,"0100032_LM_Jorge_Chavez",0),
(6,"0100033_LM_San_Juan_de_Mirafl",1),
(7,"0100040_LM_Wilson",0),
(8,"0100060_LM_Gamarra",0),
(9,"0100088_LM_Santa_Catalina",0),
(10,"0100097_LM_Pedro_Heraud",0),
(11,"0100108_LM_Puente_Atocongo",0),
(12,"0100109_LM_Dominicos",0),
(13,"0100119_LM_Estadio_Alianza",1),
(14,"0100127_LM_Manco_Capac",0),
(15,"0100128_LM_Garzon",0),
(16,"0100153_LM_Valle_Sharon",0),
(17,"0100168_LM_Campo_de_Marte",0),
(18,"0100178_LM_Coldex",0),
(19,"0100182_LM_Peru",0),
(20,"0100214_LM_Republica_de_Chile",0),
(21,"0100227_LM_La_Concordia",0),
(22,"0100246_LM_Surco_Viejo",0),
(23,"0100253_LM_LAP",0),
(24,"0100264_LM_Los_Parrales",0),
(25,"0100265_LM_Huayna_Capac",0),
(26,"0100269_LM_Isabel_La_Catolica",0),
(27,"0100282_LM_Ovalo_Arriola",0),
(28,"0100310_LM_Pierola",0),
(29,"0100317_LM_Pamplona_Alta",0),
(30,"0100329_LM_Cangallo",0),
(31,"0100361_LM_Unanue",0),
(32,"0100425_LM_Italia",0),
(33,"0100435_LM_San_Eugenio",0),
(34,"0100443_LM_La_Cruceta",0),
(35,"0100467_LM_San_Fernando",0),
(36,"0100484_LM_IB_Estacion_Central",0),
(37,"0100492_LM_Pamplona_Baja",0),
(38,"0100569_LM_Mercado_Unicachi",0),
(39,"0101341_LM_Huaca_Chillon",0),
(40,"0102872_LM_Beltran_R2",0),
(41,"0103692_LM_Italia_R1",0),
(42,"0104589_LM_Sheraton",0),
(43,"0104625_LM_Estadio_Alianza_S3",0),
(44,"0104917_LM_IB_RP_Centro_Civico",0),
(45,"0104989_LM_IB_Estadio_Nacion",0),
(46,"0105066_LM_Heroes_del_Pacifico",0),
(47,"0105124_LM_Pagador",0),
(48,"0105126_LM_Nuevo_Horizonte",0),
(49,"0105129_LM_Alemania_Federal",0),
(50,"0105303_LM_Chicmabamba",0),
(51,"0105351_LM_El_Olivar",0),
(52,"0105358_LM_Santa_Apogonia",0),
(53,"0105359_LM_Paseo_Quilca",0),
(54,"0105461_LM_Amakella",0),
(55,"0105469_LM_Javier_Velazco",0),
(56,"0105475_LM_San_German_Smp",0),
(57,"0105592_LM_Ucayali_America",0),
(58,"0105734_LM_Jardin_Prohibido",0),
(59,"0105769_LM_Los_Ficus",0),
(60,"0105854_LM_Cabezas_Mora",0),
(61,"0105856_LM_Proceres_Surco",0),
(62,"0105913_LM_Nestor_Batanero",0),
(63,"0105941_LM_Soyuz",0),
(64,"0105944_LM_Plaza_Carrion",0),
(65,"0105945_LM_Garcia_Naranjo",0),
(66,"0105946_LM_Sol_Y_Sombra",0),
(67,"0105948_LM_Huamanga",0),
(68,"0105949_LM_El_Mundialito",0),
(69,"0105958_LM_Unidad_Vecinal_Matu",0),
(70,"0105961_LM_Bahia_Continental",0),
(71,"0105966_LM_Lucanas",0),
(72,"0105967_LM_Bateria_Maypu",0),
(73,"0105968_LM_Parque_Gutierrez",0),
(74,"0105969_LM_Monte_Carmelo",0),
(75,"0105981_LM_Parque_Canepa",0),
(76,"0105984_LM_Luna_Pizarro",0),
(77,"0106072_LM_Nepomuceno",0),
(78,"0106076_LM_America_San_Juan",0),
(79,"0106080_LM_Pedro_Laos_Hurtado",0),
(80,"0106199_LM_Mercedes_Cabello",0),
(81,"01062394_LM_SC_Lindley_VES",0),
(82,"01062523_LM_SC_MINSA_Arequipa1",0),
(83,"0106302_LM_By_Pass_Faucett",0),
(84,"0106306_LM_Ministerio_De_Salud",0),
(85,"0106310_LM_Lawn_Tennis",0),
(86,"0106311_LM_Buenavista",0),
(87,"0106314_LM_Mariscal_Miller",0),
(88,"0106316_LM_Conococha",0),
(89,"0106319_LM_Galerias_Brasil",0),
(90,"0106323_LM_Desamparados",0),
(91,"0106328_LM_Cinagraf",0),
(92,"0106341_LM_Air_Plaza",0),
(93,"0106342_LM_Piedraliza",0),
(94,"0106343_LM_Terminal",0),
(95,"82046_LM_TP_Centro_Civico",0),
(96,"82063_LM_Cliente_Everis",0);


-- tb_idu
INSERT INTO tb_idu (id, nombre, sitio) VALUES 
(1,"0100001_LM_Oquendo to Aeropuerto",NULL),
(2,"0100001_LM_Oquendo to Huaca Chillon",NULL),
(3,"0100004_LM_Aeropuerto to Chicmabamba",NULL),
(4,"0100004_LM_Aeropuerto to Ciudad Satelite",1),
(5,"0100004_LM_Aeropuerto to Ciudad_Satelite",1),
(6,"0100004_LM_Aeropuerto to Coldex",NULL),
(7,"0100004_LM_Aeropuerto to Oquendo",NULL),
(8,"0100004_LM_Aeropuerto to Paseo Quilca",NULL),
(9,"0100004_LM_Aeropuerto to Piedraliza",NULL),
(10,"0100004_LM_Aeropuerto to Terminal",NULL),
(11,"0100014_LM_Abtao E1 Tributarios",2),
(12,"0100014_LM_Abtao to Estadio Alianza",2),
(13,"0100014_LM_Abtao to Estadio Alianza",NULL),
(14,"0100014_LM_Abtao to Plaza Carrion",2),
(15,"0100014_LM_Abtao to Plaza Carrion",NULL),
(16,"0100019_LM_Jesus_Maria to Buenavista",3),
(17,"0100019_LM_Jesus_Maria to Buenavista",NULL),
(18,"0100019_LM_Jesus_Maria to Republica de Chile",3),
(19,"0100019_LM_Jesus_Maria to Republica de Chile",NULL),
(20,"0100020_LM_Agatas to San Agustin",4),
(21,"0100032_LM_Jorge_Chavez to Camilo Carrillo",5),
(22,"0100032_LM_Jorge_Chavez to Camilo Carrillo",NULL),
(23,"0100032_LM_Jorge_Chavez to Surco Viejo",NULL),
(24,"0100033_LM_San_Juan_de_Mirafl to Billingurst",NULL),
(25,"0100033_LM_San_Juan_de_Mirafl to IB PVea Bolichera",NULL),
(26,"0100033_LM_San_Juan_de_Mirafl to Los Parrales",NULL),
(27,"0100033_LM_San_Juan_de_Mirafl to Mariano Puma",NULL),
(28,"0100033_LM_San_Juan_de_Mirafl to Miota",NULL),
(29,"0100033_LM_San_Juan_de_Mirafl to Pagador",NULL),
(30,"0100033_LM_San_Juan_de_Mirafl to Puente Atocongo",NULL),
(31,"0100033_LM_San_Juan_de_Mirafl to Valle Sharon",NULL),
(32,"0100040_LM_Wilson to Estadio Alianza",7),
(33,"0100040_LM_Wilson to Estadio Alianza",NULL),
(34,"0100040_LM_Wilson to Estadio Alianza Prov",NULL),
(35,"0100040_LM_Wilson to Garzon",NULL),
(36,"0100040_LM_Wilson to IB Estacion Central",7),
(37,"0100040_LM_Wilson to IB Estacion Central",NULL),
(38,"0100040_LM_Wilson to IB RP Centro Civico",NULL),
(39,"0100060_LM_Gamarra E1 Tributarios",8),
(40,"0100060_LM_Gamarra to Parque Canepa",8),
(41,"0100060_LM_Gamarra to Parque Canepa",NULL),
(42,"0100060_LM_Gamarra to Rosales Agustino",8),
(43,"0100074_LM_Haya_de_la_Torre to Aeropuerto",NULL),
(44,"0100088_LM_Santa_Catalina to Beltran R2",NULL),
(45,"0100088_LM_Santa_Catalina to Estadio Alianza",9),
(46,"0100088_LM_Santa_Catalina to Estadio Alianza",NULL),
(47,"0100088_LM_Santa_Catalina to Monte Carmelo",NULL),
(48,"0100097_LM_Pedro_Heraud to Jorge Chavez",10),
(49,"0100104_LM_Mariategui to Allende",NULL),
(50,"0100105_LM_Las_Torres to Calle Sarmiento",NULL),
(51,"0100108_LM_Puente_Atocongo to San Juan de Mirafl",11),
(52,"0100109_LM_Dominicos to Aeropuerto",12),
(53,"0100110_LM_Morales_Duarez to By Pass Faucett",NULL),
(54,"0100110_LM_Morales_Duarez to Peru",NULL),
(55,"0100119_LM_Estadio_Alianza E1 Tributarios",13),
(56,"0100119_LM_Estadio_Alianza to Agatas",NULL),
(57,"0100119_LM_Estadio_Alianza to IB Estadio Nacion",NULL),
(58,"0100119_LM_Estadio_Alianza to IB Estadio Nacion 2do Link",NULL),
(59,"0100119_LM_Estadio_Alianza to Manco Capac",NULL),
(60,"0100119_LM_Estadio_Alianza to Sol Y Sombra",NULL),
(61,"0100119_LM_Estadio_Alianza to Unanue",NULL),
(62,"0100119_LM_Estadio_Alianza to Unidad Vecinal Matute",NULL),
(63,"0100127_LM_Manco Capac to Estadio Alianza",NULL),
(64,"0100127_LM_Manco Capac to Italia",NULL),
(65,"0100127_LM_Manco_Capac E1 Tributarios",14),
(66,"0100127_LM_Manco_Capac to Cangallo",14),
(67,"0100127_LM_Manco_Capac to Cangallo",NULL),
(68,"0100127_LM_Manco_Capac to Estadio Alianza",14),
(69,"0100127_LM_Manco_Capac to Estadio Alianza",NULL),
(70,"0100127_LM_Manco_Capac to Italia",NULL),
(71,"0100128_LM_Garzon E1 Tributarios",15),
(72,"0100128_LM_Garzon to Wilson",15),
(73,"0100128_LM_Garzon to Wilson",NULL),
(74,"0100144_LM_Pamplona to Billinghurst",NULL),
(75,"0100144_LM_Pamplona to Cerro Hermoso",NULL),
(76,"0100144_LM_Pamplona to Pamplona Alta",NULL),
(77,"0100153_LM_Valle_Sharon to San Juan de Mirafl",16),
(78,"0100168_LM_Campo_de_Marte E1 Tributarios",17),
(79,"0100168_LM_Campo_de_Marte to Cinagraf",17),
(80,"0100168_LM_Campo_de_Marte to Cinagraf",NULL),
(81,"0100178_LM_Coldex to Aeropuerto",18),
(82,"0100178_LM_Coldex to Aeropuerto",NULL),
(83,"0100178_LM_Coldex to Javier Velazco",18),
(84,"0100178_LM_Coldex to Javier Velazco",NULL),
(85,"0100182_LM_Peru to Morales Duarez",19),
(86,"0100182_LM_Peru to Morales Duarez",NULL),
(87,"0100214_LM_Republica_de_Chile to Ministerio De Salud",20),
(88,"0100214_LM_Republica_de_Chile to Ministerio De Salud",NULL),
(89,"0100227_LM_La_Concordia to Huayna Capac",21),
(90,"0100246_LM_Surco_Viejo to Jorge Chavez",22),
(91,"0100248_LM_Miota to San Juan de Miraflores",NULL),
(92,"0100253_LM_LAP IDEN",23),
(93,"0100253_LM_LAP to Coldex",23),
(94,"0100253_LM_LAP to Coldex",NULL),
(95,"0100264_LM_Los_Parrales to Cruceta",24),
(96,"0100264_LM_Los_Parrales to Cruceta",NULL),
(97,"0100265_LM_Huayna_Capac to Almacenes",25),
(98,"0100265_LM_Huayna_Capac to Almacenes",NULL),
(99,"0100265_LM_Huayna_Capac to El Universo",NULL),
(100,"0100265_LM_Huayna_Capac to Mercado Unicachi",NULL),
(101,"0100267_LM_Billinghurst to Mariategui",NULL),
(102,"0100267_LM_Billinghurst to Pamplona",NULL),
(103,"0100267_LM_Billinghurst to Pamplona Baja",NULL),
(104,"0100269_LM_Isabel_La_Catolica to Estadio Alianza",26),
(105,"0100269_LM_Isabel_La_Catolica to Manco Capac",26),
(106,"0100282_LM_Ovalo_Arriola E1 Tributarios",27),
(107,"0100282_LM_Ovalo_Arriola to Santa Catalina",27),
(108,"0100282_LM_Ovalo_Arriola to Santa Catalina",NULL),
(109,"0100310_LM_Pierola to Manco Capac",28),
(110,"0100317_LM_Pamplona_Alta to Pamplona",29),
(111,"0100329_LM_Cangallo to El Mundialito",30),
(112,"0100329_LM_Cangallo to El Mundialito",NULL),
(113,"0100361_LM_Unanue to Parque Canepa",31),
(114,"0100361_LM_Unanue to Parque Canepa",NULL),
(115,"0100425_LM_Italia to Manco Capac",32),
(116,"0100435_LM_San_Eugenio to Santa Catalina",33),
(117,"0100443_LM_La_Cruceta to Pedro Laos Hurtado",34),
(118,"0100443_LM_La_Cruceta to Pedro Laos Hurtado",NULL),
(119,"0100448_LM_Almacenes to Huayna Capac",NULL),
(120,"0100467_LM_San_Fernando to Los Ficus",35),
(121,"0100467_LM_San_Fernando to Los Ficus",NULL),
(122,"0100484_LM_IB_Estacion_Central to Wilson",36),
(123,"0100492_LM_Pamplona_Baja to Billinghurst",37),
(124,"0100569_LM_Mercado_Unicachi to Huayna Capac",38),
(125,"0101341_LM_Huaca_Chillon to Oquendo",39),
(126,"0102872_LM_Beltran_R2 to Santa Catalina",40),
(127,"0103692_LM_Italia_R1 to Estadio Alianza",41),
(128,"0104589_LM_Sheraton to Wilson",42),
(129,"0104917_LM_IB_RP_Centro_Civico to Wilson",44),
(130,"0104989_LM_IB_Estadio_Nacion to Estadio Alianza",45),
(131,"0105058_LM_Mariano_Puma to San Juan de Mirafl",NULL),
(132,"0105066_LM_Heroes_Del_Pacifico to Valle Sharon",46),
(133,"0105066_LM_Heroes_Del_Pacifico to Valle Sharon",NULL),
(134,"0105124_LM_Pagador to San Juan de Mirafl",47),
(135,"0105126_LM_Nuevo_Horizonte to San Juan de Mirafl",48),
(136,"0105129_LM_Alemania_Federal to San Juan de Mirafl",49),
(137,"0105303_LM_Chicmabamba to Aeropuerto",50),
(138,"0105351_LM_El_Olivar to Aeropuerto",51),
(139,"0105358_LM_Santa_Apogonia to Aeropuerto",52),
(140,"0105359_LM_Paseo_Quilca to Aeropuerto",53),
(141,"0105359_LM_Paseo_Quilca to Aeropuerto",NULL),
(142,"0105359_LM_Paseo_Quilca to El Olivar",53),
(143,"0105359_LM_Paseo_Quilca to El Olivar",NULL),
(144,"0105461_LM_Amakella to Paseo Quilca",54),
(145,"0105469_LM_Javier_Velazco to Coldex",55),
(146,"0105475_LM_San_German_Smp to Paseo Quilca",56),
(147,"0105592_LM_Ucayali_America to San Fernando",57),
(148,"0105734_LM_Jardin_Prohibido to Abtao",58),
(149,"0105769_LM_Los_Ficus to San Fernando",59),
(150,"0105854_LM_Cabezas_Mora to Los Parrales",60),
(151,"0105856_LM_Proceres_Surco to San Juan de Mirafl",61),
(152,"0105913_LM_Nestor_Batanero to Huayna Capac",62),
(153,"0105941_LM_Soyuz to Estadio Alianza",63),
(154,"0105944_LM_Plaza_Carrion to Abtao",64),
(155,"0105945_LM_Garcia_Naranjo to Abtao",65),
(156,"0105946_LM_Sol_Y_Sombra to Estadio Alianza",66),
(157,"0105948_LM_Huamanga to Luna Pizarro",67),
(158,"0105948_LM_Huamanga to Luna Pizarro",NULL),
(159,"0105949_LM_El_Mundialito to Cangallo",68),
(160,"0105958_LM_Unidad_Vecinal_Matu to Estadio Alianza",69),
(161,"0105961_LM_Bahia_Continental to Manco Capac",70),
(162,"0105966_LM_Lucanas to Estadio Alianza",71),
(163,"0105967_LM_Bateria_Maypu to Estadio Alianza",72),
(164,"0105968_LM_Parque_Gutierrez to Estadio Alianza",73),
(165,"0105969_LM_Monte_Carmelo to Santa Catalina",74),
(166,"0105981_LM_Parque_Canepa to Unanue",75),
(167,"0105981_LM_Parque_Canepa to Unanue",NULL),
(168,"0105984_LM_Luna_Pizarro to Huamanga",76),
(169,"0106072_LM_Nepomuceno to Miota",77),
(170,"0106076_LM_America_San_Juan to Huayna Capac",78),
(171,"0106080_LM_Pedro_Laos_Hurtado to La Cruceta",79),
(172,"0106199_LM_Mercedes_Cabello to Las Torres",80),
(173,"0106302_LM_By_Pass_Faucett to Morales Duarez",83),
(174,"0106306_LM_Ministerio_De_Salud to Republica de Chile",84),
(175,"0106310_LM_Lawn_Tennis to Garzon",85),
(176,"0106311_LM_Buenavista to Conococha",86),
(177,"0106311_LM_Buenavista to Conococha",NULL),
(178,"0106314_LM_Mariscal_Miller to Jesus Maria",87),
(179,"0106316_LM_Conococha to Buenavista",88),
(180,"0106319_LM_Galerias_Brasil to Jesus Maria",89),
(181,"0106323_LM_Desamparados to Wilson",90),
(182,"0106328_LM_Cinagraf to Campo de Marte",91),
(183,"0106341_LM_Air_Plaza E1 Tributarios",92),
(184,"0106341_LM_Air_Plaza to Aeropuerto",92),
(185,"0106341_LM_Air_Plaza to Aeropuerto",NULL),
(186,"0106342_LM_Piedraliza to Aeropuerto",93),
(187,"0106343_LM_Terminal to Aeropuerto",94),
(188,"0124989_LM_IB_Estadio_Nacion to Estadio Alianza 2do Link",45),
(189,"01362394_LM_SC_Lindley_VES",81),
(190,"01362394_LM_SC_Lindley_VES to Almacenes",81),
(191,"01362394_LM_SC_Lindley_VES to Almacenes",NULL),
(192,"01362523_LM_SC_MINSA_Arequipa1 to Republica de Chile",82),
(193,"82046_LM_TP_Centro_Civico",95),
(194,"82063_LM_Cliente_Everis to Estadio Alianza",96),
(195,"LM_HAYA_LSR01",NULL),
(196,"LM_MSO1_LSR01",NULL),
(197,"LM_MSO1_LSR02",NULL);


-- tb_tipo_servicio
INSERT INTO tb_tipo_servicio (id, nombre) VALUES 
(1,"Gul"),
(2,"Gestión"),
(3,"Iden"),
(4,"Uplink MW"),
(5,"Bafi"),
(6,"Wimax"),
(7,"Router");


-- tb_servicio
INSERT INTO tb_servicio (id, nombre, tipo_servicio) VALUES 
(1,"BAFI_0102726_LM_HB_Galerias_Brasil",5),
(2,"BAFI_0102847_LM_HB_Ucayali_America",5),
(3,"BAFI_0102917_LM_HB_Los_Parrale",5),
(4,"BAFI_0103102_LM_HB_Dominicos",5),
(5,"BAFI_0103103_LM_HB_Peru",5),
(6,"BAFI_0103127_LM_HB_Terminal",5),
(7,"BAFI_0103131_LM_HB_Paseo_Quilca",5),
(8,"BAFI_0103296_LM_HB_El_Mundialito",5),
(9,"BAFI_0103299_LM_HB_Gamarra2",5),
(10,"BAFI_0103301_LM_HB_Luna_Pizarro",5),
(11,"BAFI_0103308_LM_HB_Bahia_Continental",5),
(12,"BAFI_0103309_LM_HB_Manco_Capac",5),
(13,"BAFI_0103319_LM_HB_Santa_Catalina",5),
(14,"BAFI_0103475_LM_HB_Valle_Sharon",5),
(15,"BAFI_0103479_LM_HB_Nuevo_Horizonte",5),
(16,"BAFI_0103481_LM_HB_Pedro_Laos_Hurtado",5),
(17,"BAFI_0103482_LM_HB_America_San_Juan",5),
(18,"BAFI_0103486_LM_HB_Pagador",5),
(19,"BAFI_0103489_LM_HB_Heroes_Pacifico",5),
(20,"BAFI_0103579_LM_HB_Jorge_Chavez",5),
(21,"BAFI_0103585_LM_HB_Surco_Viejo",5),
(22,"BAFI_0103594_LM_HB_La_Cruceta",5),
(23,"BAFI_0103597_LM_HB_Cabezas_Mora",5),
(24,"BAFI_0103611_LM_HB_Huayna_Capac",5),
(25,"BAFI_0103650_LM_HB_Mercedes_Cabello",5),
(26,"BAFI_0103876_LM_HB_Republica_de_Chile",5),
(27,"Gest_Rect_0100317_LM_Pamplona_Alta",2),
(28,"Gest_Rect_0106306_LM_Ministerio_De_Salud",2),
(29,"Gest_Rect_OYM_2_0100004_LM_Aeropuerto",2),
(30,"Gest_Rect_SMU_0100014_LM_Abtao",2),
(31,"Gest_Rect_SMU_0100019_LM_Jesus_Maria",2),
(32,"Gest_Rect_SMU_0100040_LM_Wilson",2),
(33,"Gest_Rect_SMU_0100060_LM_Gamarra",2),
(34,"Gest_Rect_SMU_0100088_LM_Santa_Catalina",2),
(35,"Gest_Rect_SMU_0100097_LM_Pedro_Heraud",2),
(36,"Gest_Rect_SMU_0100109_LM_Dominicos",2),
(37,"Gest_Rect_SMU_0100127_LM_Manco_Capac",2),
(38,"Gest_Rect_SMU_0100128_LM_Garzon",2),
(39,"Gest_Rect_SMU_0100168_LM_Campo_de_Marte",2),
(40,"Gest_Rect_SMU_0100178_LM_Coldex",2),
(41,"Gest_Rect_SMU_0100214_LM_Republica_de_Chile",2),
(42,"Gest_Rect_SMU_0100227_LM_La_Concordia",2),
(43,"Gest_Rect_SMU_0100269_LM_Isabel_La_Catolica",2),
(44,"Gest_Rect_SMU_0100282_LM_Ovalo_Arriola",2),
(45,"Gest_Rect_SMU_0100310_LM_Pierola",2),
(46,"Gest_Rect_SMU_0100361_LM_Unanue",2),
(47,"Gest_Rect_SMU_0100425_LM_Italia",2),
(48,"Gest_Rect_SMU_0100569_LM_Mercado_Unicachi",2),
(49,"Gest_Rect_SMU_0101341_LM_Huaca_Chillon",2),
(50,"Gest_Rect_SMU_0102872_LM_Beltran_R2",2),
(51,"Gest_Rect_SMU_0103129_LM_HB_Piedraliza",2),
(52,"Gest_Rect_SMU_0103172_LM_HB_Nestor_Batanero",2),
(53,"Gest_Rect_SMU_0103480_LM_HB_Alemania_Federal",2),
(54,"Gest_Rect_SMU_0103483_LM_HB_Pamplona_Baja",2),
(55,"Gest_Rect_SMU_0103486_LM_HB_Pagador",2),
(56,"Gest_Rect_SMU_0103692_LM_Italia_R1",2),
(57,"Gest_Rect_SMU_0104589_LM_Sheraton",2),
(58,"Gest_Rect_SMU_0105126_LM_Nuevo_Horizonte",2),
(59,"Gest_Rect_SMU_0105303_LM_Chicmabamba",2),
(60,"Gest_Rect_SMU_0105351_LM_El_Olivar",2),
(61,"Gest_Rect_SMU_0105358_LM_Santa_Apogonia",2),
(62,"Gest_Rect_SMU_0105461_LM_Amakella",2),
(63,"Gest_Rect_SMU_0105469_LM_Javier_Velazco",2),
(64,"Gest_Rect_SMU_0105475_LM_San_German_Smp",2),
(65,"Gest_Rect_SMU_0105592_LM_Ucayali_America",2),
(66,"Gest_Rect_SMU_0105734_LM_Jardin_Prohibido",2),
(67,"Gest_Rect_SMU_0105769_LM_Los_Ficus",2),
(68,"Gest_Rect_SMU_0105856_LM_Proceres_Surco",2),
(69,"Gest_Rect_SMU_0105941_LM_Soyuz",2),
(70,"Gest_Rect_SMU_0105945_LM_Garcia_Naranjo",2),
(71,"Gest_Rect_SMU_0105946_LM_Sol_Y_Sombra",2),
(72,"Gest_Rect_SMU_0105948_LM_Huamanga",2),
(73,"Gest_Rect_SMU_0105949_LM_El_Mundialito",2),
(74,"Gest_Rect_SMU_0105958_LM_Unidad_Vecinal_Matu",2),
(75,"Gest_Rect_SMU_0105961_LM_Bahia_Continental",2),
(76,"Gest_Rect_SMU_0105967_LM_Bateria_Maypu",2),
(77,"Gest_Rect_SMU_0105968_LM_Parque_Gutierrez",2),
(78,"Gest_Rect_SMU_0105969_LM_Monte_Carmelo",2),
(79,"Gest_Rect_SMU_0105981_LM_Parque_Canepa",2),
(80,"Gest_Rect_SMU_0105984_LM_Luna_Pizarro",2),
(81,"Gest_Rect_SMU_0106072_LM_Nepomuceno",2),
(82,"Gest_Rect_SMU_0106302_LM_By_Pass_Faucett",2),
(83,"Gest_Rect_SMU_0106310_LM_Lawn_Tennis",2),
(84,"Gest_Rect_SMU_0106311_LM_Buenavista",2),
(85,"Gest_Rect_SMU_0106314_LM_Mariscal_Miller",2),
(86,"Gest_Rect_SMU_0106316_LM_Conococha",2),
(87,"Gest_Rect_SMU_0106323_LM_Desamparados",2),
(88,"Gest_Rect_SMU_0106341_LM_Air_Plaza",2),
(89,"Gest_Rect_SMU_0106343_LM_Terminal",2),
(90,"Gest_Rect_SMU_01362523_LM_SC_MINSA_Arequipa1",2),
(91,"Gest_Retc_SMU_0100182_LM_Peru",2),
(92,"Gestion SMU NetEco Paseo Quilca",2),
(93,"Gestion_Radio_RTN_0105351_LM_El_Olivar",2),
(94,"Gestion_Rect_SMU_0105961_LM_Bahia_Continental",2),
(95,"Gestion_SMU_ 0102872_LM_Beltran_R2",2),
(96,"GUL_0100040_LM_Wilson",1),
(97,"GUL_01362394_LM_SC_Lindley_VES1",1),
(98,"GUL_01362395_LM_SC_Lindley_VES2",1),
(99,"GUL_01362397_LM_SC_Lindley_VES3",1),
(100,"GUL_01362404_LM_SC_Lindley_VES4",1),
(101,"GUL_01362410_LM_SC_Lindley_VES5",1),
(102,"GUL_01362412_LM_SC_Lindley_VES6",1),
(103,"IDEN_0100004_LM_Aeropuerto",3),
(104,"IDEN_0100014_LM_Abtao",3),
(105,"IDEN_0100019_LM_Jesus_Maria",3),
(106,"IDEN_0100040_LM_Wilson B",3),
(107,"IDEN_0100040_LM_Wilson E1",3),
(108,"IDEN_0100060_LM_Gamarra",3),
(109,"IDEN_0100088_LM_Santa_Catalina",3),
(110,"IDEN_0100109_LM_Dominicos",3),
(111,"IDEN_0100119_LM_Estadio_Alianza",3),
(112,"IDEN_0100127_LM_Manco_Capac",3),
(113,"IDEN_0100127_LM_Manco_Capac_B",3),
(114,"IDEN_0100128_LM_Garzon",3),
(115,"IDEN_0100168_LM_Campo_de_Marte",3),
(116,"IDEN_0100178_LM_Coldex",3),
(117,"IDEN_0100182_LM_Peru",3),
(118,"IDEN_0100253_LM_LAP",3),
(119,"IDEN_0100282_LM_Ovalo_Arriola",3),
(120,"IDEN_0106341_LM_Air_Plaza",3),
(121,"IDEN_0106343_LM_Terminal",3),
(122,"Nodo_GUL_ 0102872_LM_Beltran_R2",1),
(123,"Nodo_GUL_0100004_LM_Aeropuerto",1),
(124,"Nodo_GUL_0100014_LM_Abtao",1),
(125,"Nodo_GUL_0100019_LM_Jesus_Maria",1),
(126,"Nodo_GUL_0100060_LM_Gamarra",1),
(127,"Nodo_GUL_0100088_LM_Santa_Catalina",1),
(128,"Nodo_GUL_0100097_LM_Pedro_Heraud",1),
(129,"Nodo_GUL_0100109_LM_Dominicos",1),
(130,"Nodo_GUL_0100119_LM_Estadio_Alianza",1),
(131,"Nodo_GUL_0100127_LM_Manco_Capac",1),
(132,"Nodo_GUL_0100128_LM_Garzon",1),
(133,"Nodo_GUL_0100168_LM_Campo_de_Marte",1),
(134,"Nodo_GUL_0100178_LM_Coldex",1),
(135,"Nodo_GUL_0100182_LM_Peru",1),
(136,"Nodo_GUL_0100214_LM_Republica_de_Chile",1),
(137,"Nodo_GUL_0100227_LM_La_Concordia",1),
(138,"Nodo_GUL_0100253_LM_LAP",1),
(139,"Nodo_GUL_0100269_LM_Isabel_La_Catolica",1),
(140,"Nodo_GUL_0100269_LM_Isabel_La_Catolica_S1",1),
(141,"Nodo_GUL_0100282_LM_Ovalo_Arriola",1),
(142,"Nodo_GUL_0100310_LM_Pierola",1),
(143,"Nodo_GUL_0100329_LM_Cangallo",1),
(144,"Nodo_GUL_0100361_LM_Unanue",1),
(145,"Nodo_GUL_0100421_LM_MC_Gamarra_Plaza",1),
(146,"Nodo_GUL_0100425_LM_Italia",1),
(147,"Nodo_GUL_0100435_LM_San_Eugenio",1),
(148,"Nodo_GUL_0100467_LM_San_Fernando",1),
(149,"Nodo_GUL_0100484_LM_IB_Estacion_Central",1),
(150,"Nodo_GUL_0100591_LM_Gamarra2",1),
(151,"Nodo_GUL_0101109_LM_Isabel_Catolica_S1",1),
(152,"Nodo_GUL_0101341_LM_Huaca_Chillon",1),
(153,"Nodo_GUL_0101915_LM_MC_Gamarra_Victoria",1),
(154,"Nodo_GUL_0101918_LM_MC_Gamarra_Humbolt",1),
(155,"Nodo_GUL_0101921_LM_MC_Gamarra_La_Reyna",1),
(156,"Nodo_GUL_0101925_LM_MC_Gamarra_Paraiso",1),
(157,"Nodo_GUL_0101926_LM_MC_Gamarra_Marques",1),
(158,"Nodo_GUL_0101927_LM_MC_Gamarra_Sta_Rosa",1),
(159,"Nodo_GUL_0102872_LM_Beltran_R2",1),
(160,"Nodo_GUL_0103692_LM_Italia_R1",1),
(161,"Nodo_GUL_0104589_LM_Sheraton",1),
(162,"Nodo_GUL_0104625_LM_Estadio_Alianza_S3_U",1),
(163,"Nodo_GUL_0104646_LM_LAP_B",1),
(164,"Nodo_GUL_0104917_LM_IB_RP_Centro_Civico",1),
(165,"Nodo_GUL_0105126_LM_Nuevo_Horizonte",1),
(166,"Nodo_GUL_0105303_LM_Chicmabamba",1),
(167,"Nodo_GUL_0105351_LM_El_Olivar",1),
(168,"Nodo_GUL_0105358_LM_Santa_Apogonia",1),
(169,"Nodo_GUL_0105359_LM_Paseo_Quilca",1),
(170,"Nodo_GUL_0105461_LM_Amakella",1),
(171,"Nodo_GUL_0105469_LM_Javier_Velazco",1),
(172,"Nodo_GUL_0105475_LM_San_German_Smp",1),
(173,"Nodo_GUL_0105592_LM_Ucayali_America",1),
(174,"Nodo_GUL_0105734_LM_Jardin_Prohibido",1),
(175,"Nodo_GUL_0105769_LM_Los_Ficus",1),
(176,"Nodo_GUL_0105944_LM_Plaza_Carrion",1),
(177,"Nodo_GUL_0105945_LM_Garcia_Naranjo",1),
(178,"Nodo_GUL_0105946_LM_Sol_Y_Sombra",1),
(179,"Nodo_GUL_0105948_LM_Huamanga",1),
(180,"Nodo_GUL_0105949_LM_El_Mundialito",1),
(181,"Nodo_GUL_0105958_LM_Unidad_Vecinal_Matu",1),
(182,"Nodo_GUL_0105961_LM_Bahia_Continental",1),
(183,"Nodo_GUL_0105966_LM_Lucanas",1),
(184,"Nodo_GUL_0105967_LM_Bateria_Maypu",1),
(185,"Nodo_GUL_0105968_LM_Parque_Gutierrez",1),
(186,"Nodo_GUL_0105969_LM_Monte_Carmelo",1),
(187,"Nodo_GUL_0105981_LM_Parque_Canepa",1),
(188,"Nodo_GUL_0105984_LM_Luna_Pizarro",1),
(189,"Nodo_GUL_0106072_LM_Nepomuceno",1),
(190,"Nodo_GUL_0106306_LM_Ministerio_De_Salud",1),
(191,"Nodo_GUL_0106310_LM_Lawn_Tennis",1),
(192,"Nodo_GUL_0106311_LM_Buenavista",1),
(193,"Nodo_GUL_0106314_LM_Mariscal_Miller",1),
(194,"Nodo_GUL_0106316_LM_Conococha",1),
(195,"Nodo_GUL_0106319_LM_Galerias_Brasil",1),
(196,"Nodo_GUL_0106323_LM_Desamparados",1),
(197,"Nodo_GUL_0106328_LM_Cinagraf",1),
(198,"Nodo_GUL_0106341_LM_Air_Plaza",1),
(199,"Nodo_GUL_0106343_LM_Terminal",1),
(200,"Nodo_GUL_0124941_LM_IB_Estadio_Nacion4_G",1),
(201,"Nodo_GUL_0124965_LM_IB_Estadio_Nacion5_G",1),
(202,"Nodo_GUL_0124989_LM_IB_Estadio_Nacion_G",1),
(203,"Nodo_GUL_0124991_LM_IB_Estadio_Nacion2_G",1),
(204,"Nodo_GUL_0134802_LM_FS_Vivo_Rock_X_U",1),
(205,"Nodo_GUL_0134941_LM_IB_Estadio_Nacion4_U",1),
(206,"Nodo_GUL_0134965_LM_IB_Estadio_Nacion5_U",1),
(207,"Nodo_GUL_0134979_LM_IB_Estadio_Nacion6_U",1),
(208,"Nodo_GUL_0134989_LM_IB_Estadio_Nacion_U",1),
(209,"Nodo_GUL_0134991_LM_IB_Estadio_Nacion2_U",1),
(210,"Nodo_GUL_0134993_LM_IB_Estadio_Nacion3_U",1),
(211,"Nodo_GUL_01362523_LM_SC_MINSA_Arequipa1",1),
(212,"Nodo_GUL_0144625_LM_Estadio_Alianza_S3_L",1),
(213,"Nodo_GUL_0144802_LM_FS_Vivo_Rock_X_L",1),
(214,"Nodo_GUL_0144941_LM_IB_Estadio_Nacion4_L",1),
(215,"Nodo_GUL_0144965_LM_IB_Estadio_Nacion5_L",1),
(216,"Nodo_GUL_0144979_LM_IB_Estadio_Nacion6_L",1),
(217,"Nodo_GUL_0144989_LM_IB_Estadio_Nacion_L",1),
(218,"Nodo_GUL_0144991_LM_IB_Estadio_Nacion2_L",1),
(219,"Nodo_GUL_0144993_LM_IB_Estadio_Nacion3_L",1),
(220,"Router_82046_LM_TPF_Centro_Civico",7),
(221,"Router_82063_LM_Cliente_Everis",7),
(222,"Uplink MW 0100020_LM_Agatas to Estadio_Alianza",4),
(223,"Uplink MW 0100108_LM_Puente_Atocongo to San Juan de Mirafl",4),
(224,"Uplink MW 0105129_LM_Alemania_Federal to San Juan de Mirafl",4),
(225,"WIMAX_0106341_LM_Air_Plaza",6);


-- tb_datafill
INSERT INTO tb_datafill (id,servicio,idu,idu_port_in,idu_port_out,salto_datafill,pe_ran,pe_ran_port,ip_mw_gestion_port,ip_gateway_mask,agregador,sitio) VALUES 							
(1,123,NULL,"","",NULL,"LIM_AERO_PAG_1","Gi0/4/0","","",1,1),							
(2,29,4,"17-EG6-4","17-EG6-3",NULL,"LIM_AERO_PAG_1","Gi0/4/2","","",1,1),	(3,29,9,"17-EG6-3","17-EG6-4",2,"","","","",1,1),						
(4,103,5,"2-ML1-1","17-EG6-3",NULL,"LIM_AERO_PAG_1","Gi0/4/6","","",1,1),	(5,103,9,"17-EG6-3","17-EG6-2",4,"","","","",1,1),	(6,103,7,"17-EG6-4","17-EG6-1",5,"","","","",1,1),	(7,103,197,"33-ETMC-1","17-EG16-4",6,"","","","",1,1),	(8,103,196,"17-EG16-4","7-MP1-Port1VC12-55",7,"","","","",1,1),			
(9,124,12,"17-EG6-1","IF4-6",NULL,"LIM_EAL_PAG_1","Gi0/0/5","","",13,2),	(10,124,61,"IF4-6","17-EG6-2",9,"","","","",13,2),						
(11,30,14,"17-EG6-2","17-EG6-1",NULL,"LIM_EAL_PAG_1","Gi0/0/5","","",13,2),	(12,30,12,"17-EG6-3","IF4-6",11,"","","","",13,2),	(13,30,61,"IF4-6","17-EG6-2",12,"","","","",13,2),					
(14,104,11,"2-CXPB-1","2-CXPB-17",NULL,"LIM_EAL_PAG_1","Gi0/2/4","","",13,2),	(15,104,12,"17-EG6-2","IF4-6",14,"","","","",13,2),	(16,104,61,"IF4-6","17-EG6-4",15,"","","","",13,2),	(17,104,62,"17-EG6-4","17-EG6-3",16,"","","","",13,2),	(18,104,197,"31-ETMC-2","19-D12-30",17,"","","","",13,2),			
(19,31,16,"17-EG6-2","IF1-2",NULL,"LIM_EAL_PAG_1","Gi0/2/2","","",13,3),	(20,31,32,"IF3-5","IF4-6",19,"","","","",13,3),	(21,31,62,"IF1-2","17-EG6-1",20,"","","","",13,3),					
(22,125,16,"17-EG6-3","IF1-2",NULL,"LIM_EAL_PAG_1","Gi0/2/2","","",13,3),	(23,125,32,"IF3-5","IF4-6",22,"","","","",13,3),	(24,125,62,"IF1-2","17-EG6-1",23,"","","","",13,3),					
(25,105,18,"2-MD1-1","17-EG6-2",NULL,"LIM_EAL_PAG_1","Gi0/2/4","","",13,3),	(26,105,16,"17-EG6-1","IF1-2",25,"","","","",13,3),	(27,105,32,"IF3-5","IF4-6",26,"","","","",13,3),	(28,105,62,"IF1-2","17-EG6-3",27,"","","","",13,3),	(29,105,197,"31-ETMC-2","23-D12-22",28,"","","","",13,3),			
(30,222,20,"17-EG6-6","IF1-2",NULL,"LIM_EALZ_AGG_1","Gi1/1/3","","",13,4),	(31,222,56,"IF3-5","17-EG6-6",30,"","","","",13,4),						
(32,20,21,"17-EG6-5","IF4-6",NULL,"LIM_SJM_RAN_1","Gi0/3/0/4","","",6,5),	(33,20,30,"IF4-6","17-EG6-2",32,"","","","",6,5),						
(34,96,32,"17-EG6-1","IF4-6",NULL,"LIM_EAL_PAG_1","Gi0/2/2","","",13,7),	(35,96,62,"IF1-2","17-EG6-1",34,"","","","",13,7),						
(36,32,36,"17-EG6-4","17-EG6-1",NULL,"LIM_EAL_PAG_1","Gi0/2/2","","",13,7),	(37,32,32,"17-EG6-2","IF4-6",36,"","","","",13,7),	(38,32,62,"IF1-2","17-EG6-1",37,"","","","",13,7),					
(39,106,36,"2-ML1-2","17-EG6-1",NULL,"LIM_EAL_PAG_1","Gi0/2/4","","",13,7),	(40,106,32,"17-EG6-2","IF4-6",39,"","","","",13,7),	(41,106,62,"IF1-2","17-EG6-3",40,"","","","",13,7),	(42,106,197,"31-ETMC-2","17-EG16-4",41,"","","","",13,7),	(43,106,196,"17-EG16-4","25-D12-29",42,"","","","",13,7),			
(44,107,36,"2-ML1-1","17-EG6-1",NULL,"LIM_EAL_PAG_1","Gi0/2/4","","",13,7),	(45,107,32,"17-EG6-2","IF4-6",44,"","","","",13,7),	(46,107,62,"IF1-2","17-EG6-3",45,"","","","",13,7),	(47,107,197,"31-ETMC-2","17-EG16-4",46,"","","","",13,7),	(48,107,196,"17-EG16-4","25-D12-27",47,"","","","",13,7),			
(49,9,40,"2-EG4-4","2-EG4-1",NULL,"LIM_EAL_PAG_1","Gi0/0/5","","",13,8),	(50,9,166,"1-EG4-1","IF3-5",49,"","","","",13,8),	(51,9,113,"IF3-5","IF4-6",50,"","","","",13,8),	(52,9,61,"IF3-5","17-EG6-2",51,"","","","",13,8),				
(53,157,40,"17-EG6-5","2-EG4-2",NULL,"LIM_EAL_PAG_1","Gi0/0/5","","",13,8),	(54,157,166,"2-EG4-1","IF3-5",53,"","","","",13,8),	(55,157,113,"IF3-5","IF4-6",54,"","","","",13,8),	(56,157,61,"IF3-5","17-EG6-2",55,"","","","",13,8),				
(57,156,40,"17-EG6-6","2-EG4-2",NULL,"LIM_EAL_PAG_1","Gi0/0/5","","",13,8),	(58,156,166,"2-EG4-1","IF3-5",57,"","","","",13,8),	(59,156,113,"IF3-5","IF4-6",58,"","","","",13,8),	(60,156,61,"IF3-5","17-EG6-2",59,"","","","",13,8),				
(61,150,40,"17-EG6-2","2-EG4-2",NULL,"LIM_EAL_PAG_1","Gi0/0/5","","",13,8),	(62,150,166,"2-EG4-1","IF3-5",61,"","","","",13,8),	(63,150,113,"IF3-5","IF4-6",62,"","","","",13,8),	(64,150,61,"IF3-5","17-EG6-2",63,"","","","",13,8),				
(65,126,40,"17-EG6-1","2-EG4-2",NULL,"LIM_EAL_PAG_1","Gi0/0/5","","",13,8),	(66,126,166,"2-EG4-1","IF3-5",65,"","","","",13,8),	(67,126,113,"IF3-5","IF4-6",66,"","","","",13,8),	(68,126,61,"IF3-5","17-EG6-2",67,"","","","",13,8),				
(69,155,40,"1-EG4-1","2-EG4-2",NULL,"LIM_EAL_PAG_1","Gi0/0/5","","",13,8),	(70,155,166,"2-EG4-1","IF3-5",69,"","","","",13,8),	(71,155,113,"IF3-5","IF4-6",70,"","","","",13,8),	(72,155,61,"IF3-5","17-EG6-2",71,"","","","",13,8),				
(73,33,42,"17-EG6-4","17-EG6-1",NULL,"LIM_EAL_PAG_1","Gi0/0/5","","",13,8),	(74,33,40,"17-EG6-3","2-EG4-2",73,"","","","",13,8),	(75,33,166,"2-EG4-1","IF3-5",74,"","","","",13,8),	(76,33,113,"IF3-5","IF4-6",75,"","","","",13,8),	(77,33,61,"IF3-5","17-EG6-2",76,"","","","",13,8),			
(78,108,39,"2-CXPB-1","2-CXPB-20",NULL,"LIM_EAL_PAG_1","Gi0/2/4","","",13,8),	(79,108,40,"17-EG6-4","2-EG4-2",78,"","","","",13,8),	(80,108,166,"2-EG4-1","IF3-5",79,"","","","",13,8),	(81,108,113,"IF3-5","IF4-6",80,"","","","",13,8),	(82,108,61,"IF3-5","17-EG6-4",81,"","","","",13,8),	(83,108,62,"17-EG6-4","17-EG6-3",82,"","","","",13,8),	(84,108,197,"31-ETMC-2","17-EG16-4",83,"","","","",13,8),	(85,108,196,"17-EG16-4","5-MP1-Port1VC12-35",84,"","","","",13,8),
(86,13,45,"17-EG6-5","IF3-5",NULL,"LIM_EAL_PAG_1","Gi0/1/5","","",13,9),	(87,13,59,"IF1-2","17-EG6-1",86,"","","","",13,9),						
(88,34,45,"17-EG6-4","IF3-5",NULL,"LIM_EAL_PAG_1","Gi0/1/5","","",13,9),	(89,34,59,"IF1-2","17-EG6-1",88,"","","","",13,9),						
(90,127,45,"17-EG6-1","IF3-5",NULL,"LIM_EAL_PAG_1","Gi0/1/5","","",13,9),	(91,127,59,"IF1-2","17-EG6-1",90,"","","","",13,9),						
(92,109,45,"2-ML1-1","IF3-5",NULL,"LIM_EAL_PAG_1","Gi0/1/7","","",13,9),	(93,109,59,"IF1-2","17-EG6-3",92,"","","","",13,9),	(94,109,197,"31-ETMC-2","24-D12-17",93,"","","","",13,9),					
(95,35,48,"17-EG6-4","IF3-5",NULL,"LIM_SJM_RAN_1","Gi0/3/0/3","","",6,10),	(96,35,23,"IF4-6","17-EG6-1",95,"","","","",6,10),	(97,35,21,"17-EG6-2","IF4-6",96,"","","","",6,10),	(98,35,30,"IF4-6","17-EG6-1",97,"","","","",6,10),				
(99,128,48,"17-EG6-1","IF3-5",NULL,"LIM_SJM_RAN_1","Gi0/3/0/3","","",6,10),	(100,128,23,"IF4-6","17-EG6-1",99,"","","","",6,10),	(101,128,21,"17-EG6-2","IF4-6",100,"","","","",6,10),	(102,128,30,"IF4-6","17-EG6-1",101,"","","","",6,10),				
(103,223,51,"17-EG6-6","IF3-5",NULL,"LIM_SJMI_AGG_1","Gi2/1/1","","",6,11),	(104,223,30,"IF3-5","17-EG6-6",103,"","","","",6,11),						
(105,4,NULL,"","",NULL,"LIM_AERO_PAG_1","Gi0/5/1","","",1,12),							
(106,36,52,"17-EG6-4","17-EG6-6",NULL,"LIM_AERO_PAG_1","Gi0/3/4","","",1,12),							
(107,129,52,"17-EG6-1","17-EG6-6",NULL,"LIM_AERO_PAG_1","Gi0/3/4","","",1,12),							
(108,110,52,"2-ML1-1","17-EG6-5",NULL,"LIM_AERO_PAG_1","Gi0/4/6","","",1,12),	(109,110,7,"17-EG6-5","17-EG6-1",108,"","","","",1,12),	(110,110,196,"33-ETMC-1","24-D12-16",109,"","","","",1,12),					
(111,130,NULL,"","",NULL,"LIM_EAL_PAG_1","Gi0/0/7","","",13,13),							
(112,111,55,"2-CXPB-1","2-CXPB-17",NULL,"LIM_EAL_PAG_1","Gi0/2/4","","",13,13),	(113,111,56,"17-EG6-4","17-EG6-3",112,"","","","",13,13),	(114,111,61,"17-EG6-1","17-EG6-4",113,"","","","",13,13),	(115,111,62,"17-EG6-4","17-EG6-3",114,"","","","",13,13),	(116,111,197,"31-ETMC-2","24-D12-24",115,"","","","",13,13),			
(117,12,68,"17-EG6-5","IF3-5",NULL,"LIM_EAL_PAG_1","Gi0/1/5","","",13,14),	(118,12,59,"IF3-5","17-EG6-1",117,"","","","",13,14),						
(119,131,66,"17-EG6-1","17-EG6-2",NULL,"LIM_EAL_PAG_1","Gi0/1/5","","",13,14),	(120,131,68,"17-EG6-4","IF3-5",119,"","","","",13,14),	(121,131,59,"IF3-5","17-EG6-1",120,"","","","",13,14),					
(122,37,65,"2-CXPB-20","2-CXPB-19",NULL,"LIM_EAL_PAG_1","Gi0/1/5","","",13,14),	(123,37,66,"17-EG6-4","17-EG6-2",122,"","","","",13,14),	(124,37,68,"17-EG6-4","IF3-5",123,"","","","",13,14),	(125,37,59,"IF3-5","17-EG6-1",124,"","","","",13,14),				
(126,112,65,"2-CXPB-1","2-CXPB-19",NULL,"LIM_EAL_PAG_1","Gi0/1/7","","",13,14),	(127,112,66,"17-EG6-4","17-EG6-2",126,"","","","",13,14),	(128,112,68,"17-EG6-4","IF3-5",127,"","","","",13,14),	(129,112,59,"IF3-5","17-EG6-3",128,"","","","",13,14),	(130,112,197,"31-ETMC-2","19-D12-19",129,"","","","",13,14),			
(131,113,65,"2-CXPB-2","2-CXPB-19",NULL,"LIM_EAL_PAG_1","Gi0/1/7","","",13,14),	(132,113,66,"17-EG6-4","17-EG6-2",131,"","","","",13,14),	(133,113,68,"17-EG6-4","IF3-5",132,"","","","",13,14),	(134,113,59,"IF3-5","17-EG6-3",133,"","","","",13,14),	(135,113,197,"31-ETMC-2","19-D12-18",134,"","","","",13,14),			
(136,38,72,"17-EG6-4","IF3-5",NULL,"LIM_EAL_PAG_1","Gi0/0/4","","",13,15),	(137,38,32,"IF1-2","IF4-6",136,"","","","",13,15),	(138,38,62,"IF1-2","17-EG6-2",137,"","","","",13,15),					
(139,132,72,"17-EG6-1","IF3-5",NULL,"LIM_EAL_PAG_1","Gi0/0/4","","",13,15),	(140,132,32,"IF1-2","IF4-6",139,"","","","",13,15),	(141,132,62,"IF1-2","17-EG6-2",140,"","","","",13,15),					
(142,114,71,"2-CXPB-1","2-CXPB-18",NULL,"LIM_EAL_PAG_1","Gi0/2/4","","",13,15),	(143,114,72,"17-EG6-2","IF3-5",142,"","","","",13,15),	(144,114,35,"IF3-5","17-EG6-3",143,"","","","",13,15),	(145,114,32,"17-EG6-3","IF4-6",144,"","","","",13,15),	(146,114,62,"IF1-2","17-EG6-3",145,"","","","",13,15),	(147,114,197,"31-ETMC-2","17-EG16-4",146,"","","","",13,15),	(148,114,196,"17-EG16-4","24-D12-31",147,"","","","",13,15),	
(149,14,77,"17-EG6-5","IF3-5",NULL,"LIM_SJM_RAN_1","Gi0/2/0/12","","",6,16),	(150,14,31,"IF3-5","17-EG6-1",149,"","","","",6,16),						
(151,204,79,"17-EG6-3","IF1-2",NULL,"LIM_EAL_PAG_1","Gi0/1/3","","",13,17),	(152,204,36,"IF4-6","17-EG6-2",151,"","","","",13,17),	(153,204,34,"17-EG6-1","IF3-5",152,"","","","",13,17),	(154,204,56,"IF4-6","17-EG6-2",153,"","","","",13,17),				
(155,213,79,"17-EG6-4","IF1-2",NULL,"LIM_EAL_PAG_1","Gi0/1/3","","",13,17),	(156,213,36,"IF4-6","17-EG6-2",155,"","","","",13,17),	(157,213,34,"17-EG6-1","IF3-5",156,"","","","",13,17),	(158,213,56,"IF4-6","17-EG6-2",157,"","","","",13,17),				
(159,133,79,"17-EG6-2","IF1-2",NULL,"LIM_EAL_PAG_1","Gi0/2/2","","",13,17),	(160,133,36,"IF4-6","17-EG6-1",159,"","","","",13,17),	(161,133,32,"17-EG6-2","IF4-6",160,"","","","",13,17),	(162,133,62,"IF1-2","17-EG6-1",161,"","","","",13,17),				
(163,39,78,"2-CXPB-18","2-CXPB-19",NULL,"LIM_EAL_PAG_1","Gi0/2/2","","",13,17),	(164,39,79,"17-EG6-1","IF1-2",163,"","","","",13,17),	(165,39,36,"IF4-6","17-EG6-1",164,"","","","",13,17),	(166,39,32,"17-EG6-2","IF4-6",165,"","","","",13,17),	(167,39,62,"IF1-2","17-EG6-1",166,"","","","",13,17),			
(168,115,78,"2-CXPB-1","2-CXPB-19",NULL,"LIM_EAL_PAG_1","Gi0/2/4","","",13,17),	(169,115,79,"17-EG6-1","IF1-2",168,"","","","",13,17),	(170,115,36,"IF4-6","17-EG6-1",169,"","","","",13,17),	(171,115,32,"17-EG6-2","IF4-6",170,"","","","",13,17),	(172,115,62,"IF1-2","17-EG6-3",171,"","","","",13,17),	(173,115,197,"31-ETMC-2","17-EG16-4",172,"","","","",13,17),	(174,115,196,"17-EG16-4","6-MP1-Port1VC12-29",173,"","","","",13,17),	
(175,134,81,"17-EG6-2","IF3-5",NULL,"LIM_AERO_PAG_1","Gi0/4/4","10.80.6.18/ NMS COM","10.80.6.16 Mask 28 / LIM_AERO_PAG_1 GE0/4/7",1,18),	(176,134,6,"IF3-5","17-EG6-1",175,"","","","",1,18),						
(177,40,83,"17-EG6-4","17-EG6-2",NULL,"LIM_AERO_PAG_1","Gi0/4/4","","",1,18),	(178,40,81,"17-EG6-1","IF3-5",177,"","","","",1,18),	(179,40,6,"IF3-5","17-EG6-1",178,"","","","",1,18),					
(180,116,83,"2-ML1-1","17-EG6-2",NULL,"LIM_AERO_PAG_1","Gi0/4/6","","",1,18),	(181,116,81,"17-EG6-1","IF3-5",180,"","","","",1,18),	(182,116,6,"IF3-5","17-EG6-4",181,"","","","",1,18),	(183,116,9,"17-EG6-1","17-EG6-2",182,"","","","",1,18),	(184,116,7,"17-EG6-4","17-EG6-1",183,"","","","",1,18),	(185,116,197,"33-ETMC-1","5-MP-1Port1VC12-36",184,"","","","",1,18),		
(186,5,85,"17-EG6-5","IF4-6",NULL,"LIM_AERO_PAG_1","Gi0/4/4","","",1,19),	(187,5,6,"IF4-6","17-EG6-1",186,"","","","",1,19),						
(188,91,85,"17-EG6-4","IF4-6",NULL,"LIM_AERO_PAG_1","Gi0/4/4","","",1,19),	(189,91,6,"IF4-6","17-EG6-1",188,"","","","",1,19),						
(190,135,85,"17-EG6-1","IF4-6",NULL,"LIM_AERO_PAG_1","Gi0/4/4","","",1,19),	(191,135,6,"IF4-6","17-EG6-1",190,"","","","",1,19),						
(192,117,85,"2-ML1-1","IF4-6",NULL,"LIM_AERO_PAG_1","Gi0/4/6","","10.0.11.32/24",1,19),	(193,117,6,"IF4-6","17-EG6-4",192,"","","","",1,19),	(194,117,9,"17-EG6-1","17-EG6-2",193,"","","","",1,19),	(195,117,7,"17-EG6-4","17-EG6-1",194,"","","","",1,19),	(196,117,197,"33-ETMC-1","17-EG16-4",195,"","","","",1,19),	(197,117,196,"17-EG16-4","5-MP1-Port2VC12-25",196,"","","","",1,19),		
(198,26,87,"17-EG6-5","IF4-6",NULL,"LIM_EALZ_AGG_1_","Gi1/1/7","","",13,20),	(199,26,18,"IF3-5","17-EG6-2",198,"","","","",13,20),	(200,26,16,"17-EG6-1","IF1-2",199,"","","","",13,20),	(201,26,32,"IF3-5","IF4-6",200,"","","","",13,20),	(202,26,62,"IF1-2","17-EG6-2",201,"","","","",13,20),			
(203,41,87,"17-EG6-4","IF4-6",NULL,"LIM_EAL_PAG_1","Gi0/0/4","","",13,20),	(204,41,18,"IF3-5","17-EG6-2",203,"","","","",13,20),	(205,41,16,"17-EG6-1","IF1-2",204,"","","","",13,20),	(206,41,32,"IF3-5","IF4-6",205,"","","","",13,20),	(207,41,62,"IF1-2","17-EG6-2",206,"","","","",13,20),			
(208,136,87,"17-EG6-2","IF4-6",NULL,"LIM_EAL_PAG_1","Gi0/0/4","","",13,20),	(209,136,18,"IF3-5","17-EG6-2",208,"","","","",13,20),	(210,136,16,"17-EG6-1","IF1-2",209,"","","","",13,20),	(211,136,32,"IF3-5","IF4-6",210,"","","","",13,20),	(212,136,62,"IF1-2","17-EG6-2",211,"","","","",13,20),			
(213,42,89,"17-EG6-4","IF3-5",NULL,"LIM_SJM_RAN_1","Gi0/2/0/7","","",6,21),	(214,42,99,"IF4-6","17-EG6-1",213,"","","","",6,21),	(215,42,97,"17-EG6-4","IF1-2",214,"","","","",6,21),	(216,42,131,"IF4-6","IF3-5",215,"","","","",6,21),	(217,42,27,"IF3-5","17-EG6-4",216,"","","","",6,21),			
(218,137,89,"17-EG6-1","IF3-5",NULL,"LIM_SJM_RAN_1","Gi0/2/0/7","","",6,21),	(219,137,99,"IF4-6","17-EG6-1",218,"","","","",6,21),	(220,137,97,"17-EG6-4","IF1-2",219,"","","","",6,21),	(221,137,131,"IF4-6","IF3-5",220,"","","","",6,21),	(222,137,27,"IF3-5","17-EG6-4",221,"","","","",6,21),			
(223,21,90,"17-EG6-5","IF3-5",NULL,"LIM_SJM_RAN_1","Gi0/3/0/6","","",6,22),	(224,21,23,"IF3-5","17-EG6-1",223,"","","","",6,22),	(225,21,21,"17-EG6-2","IF4-6",224,"","","","",6,22),	(226,21,30,"IF4-6","17-EG6-4",225,"","","","",6,22),				
(227,138,93,"17-EG6-1","IF3-5",NULL,"LIM_AERO_PAG_1","Gi0/4/4","","",1,23),	(228,138,81,"IF4-6","IF3-5",227,"","","","",1,23),	(229,138,6,"IF3-5","17-EG6-1",228,"","","","",1,23),					
(230,163,93,"17-EG6-3","IF3-5",NULL,"LIM_AERO_PAG_1","Gi0/4/4","","",1,23),	(231,163,81,"IF4-6","IF3-5",230,"","","","",1,23),	(232,163,6,"IF3-5","17-EG6-1",231,"","","","",1,23),					
(233,118,92,"2-CXPB-1","2-CXPB-20",NULL,"LIM_AERO_PAG_1","Gi0/4/6","","",1,23),	(234,118,93,"17-EG6-4","IF3-5",233,"","","","",1,23),	(235,118,81,"IF4-6","IF3-5",234,"","","","",1,23),	(236,118,6,"IF3-5","17-EG6-4",235,"","","","",1,23),	(237,118,9,"17-EG6-1","17-EG6-2",236,"","","","",1,23),	(238,118,7,"17-EG6-4","17-EG6-1",237,"","","","",1,23),	(239,118,197,"33-ETMC-1","26-D12-15",238,"","","","",1,23),	
(240,3,95,"17-EG6-5","IF1-2",NULL,"LIM_SJM_RAN_1","Gi0/2/0/10","","",6,24),	(241,3,26,"IF3-5","17-EG6-1",240,"","","","",6,24),						
(242,24,97,"17-EG6-5","IF1-2",NULL,"LIM_SJM_RAN_1","Gi0/2/0/2","","",6,25),	(243,24,131,"IF4-6","IF3-5",242,"","","","",6,25),	(244,24,27,"IF3-5","17-EG6-3",243,"","","","",6,25),					
(245,43,104,"17-EG6-4","17-EG6-6",NULL,"LIM_EALZ_AGG_1","Gi5/1/5","","",13,26),	(246,43,59,"17-EG6-6","17-EG6-4",245,"","","","",13,26),						
(247,140,104,"17-EG6-3","17-EG6-6",NULL,"LIM_EALZ_AGG_1","Gi5/1/5","","",13,26),	(248,140,59,"17-EG6-6","17-EG6-4",247,"","","","",13,26),						
(249,139,104,"17-EG6-1","17-EG6-6",NULL,"LIM_EALZ_AGG_1","Gi5/1/5","","",13,26),	(250,139,59,"17-EG6-6","17-EG6-4",249,"","","","",13,26),						
(251,151,105,"17-EG6-3","IF3-5",NULL,"LIM_EAL_PAG_1","Gi0/2/0","","",13,26),	(252,151,66,"IF1-2","17-EG6-2",251,"","","","",13,26),	(253,151,68,"17-EG6-4","IF3-5",252,"","","","",13,26),	(254,151,59,"IF3-5","17-EG6-4",253,"","","","",13,26),				
(255,44,107,"17-EG6-4","IF3-5",NULL,"LIM_EAL_PAG_1","Gi0/1/6","","",13,27),	(256,44,47,"IF4-6","17-EG6-4",255,"","","","",13,27),	(257,44,45,"17-EG6-2","IF3-5",256,"","","","",13,27),	(258,44,59,"IF1-2","17-EG6-2",257,"","","","",13,27),				
(259,141,107,"17-EG6-1","IF3-5",NULL,"LIM_EAL_PAG_1","Gi0/1/6","","",13,27),	(260,141,47,"IF4-6","17-EG6-4",259,"","","","",13,27),	(261,141,45,"17-EG6-2","IF3-5",260,"","","","",13,27),	(262,141,59,"IF1-2","17-EG6-2",261,"","","","",13,27),				
(263,119,106,"2-CXPB-1","2-CXPB-18",NULL,"LIM_EAL_PAG_1","Gi0/1/7","","",13,27),	(264,119,107,"17-EG6-2","IF3-5",263,"","","","",13,27),	(265,119,47,"IF4-6","17-EG6-4",264,"","","","",13,27),	(266,119,45,"17-EG6-2","IF3-5",265,"","","","",13,27),	(267,119,59,"IF1-2","17-EG6-3",266,"","","","",13,27),	(268,119,197,"31-ETMC-2","24-D12-19",267,"","","","",13,27),		
(269,45,109,"17-EG6-4","IF3-5",NULL,"LIM_EAL_PAG_1","Gi0/1/6","","",13,28),	(270,45,66,"IF4-6","17-EG6-2",269,"","","","",13,28),	(271,45,68,"17-EG6-4","IF3-5",270,"","","","",13,28),	(272,45,59,"IF3-5","17-EG6-2",271,"","","","",13,28),				
(273,142,109,"17-EG6-1","IF3-5",NULL,"LIM_EAL_PAG_1","Gi0/1/6","","",13,28),	(274,142,66,"IF4-6","17-EG6-2",273,"","","","",13,28),	(275,142,68,"17-EG6-4","IF3-5",274,"","","","",13,28),	(276,142,59,"IF3-5","17-EG6-2",275,"","","","",13,28),				
(277,27,110,"1-EM6TA-4","IF3-5",NULL,"LIM_SJMI_AGG_1_","Gi5/1/15","","",6,29),	(278,27,76,"IF3-5","1-EM6TA-2",277,"","","","",6,29),	(279,27,75,"17-EG6-1","17-EG6-2",278,"","","","",6,29),	(280,27,74,"17-EG6-2","IF3-5",279,"","","","",6,29),	(281,27,103,"IF1-2","17-EG6-1",280,"","","","",6,29),	(282,27,102,"17-EG6-4","IF4-6",281,"","","","",6,29),	(283,27,24,"IF3-5","17-EG6-2",282,"","","","",6,29),	
(284,143,111,"17-EG6-2","IF4-6",NULL,"LIM_EAL_PAG_1","Gi0/1/6","","",13,30),	(285,143,66,"IF3-5","17-EG6-2",284,"","","","",13,30),	(286,143,68,"17-EG6-4","IF3-5",285,"","","","",13,30),	(287,143,59,"IF3-5","17-EG6-2",286,"","","","",13,30),				
(288,46,113,"17-EG6-4","IF4-6",NULL,"LIM_EAL_PAG_1","Gi0/0/5","","",13,31),	(289,46,61,"IF3-5","17-EG6-2",288,"","","","",13,31),						
(290,144,113,"17-EG6-1","IF4-6",NULL,"LIM_EAL_PAG_1","Gi0/0/5","10.80.3.244 / NMS COM","",13,31),	(291,144,61,"IF3-5","17-EG6-2",290,"","","","",13,31),						
(292,47,115,"17-EG6-4","IF3-5",NULL,"LIM_EAL_PAG_1","Gi0/1/5","","",13,32),	(293,47,70,"IF3-5","17-EG6-1",292,"","","","",13,32),	(294,47,68,"17-EG6-2","IF3-5",293,"","","","",13,32),	(295,47,59,"IF3-5","17-EG6-1",294,"","","","",13,32),				
(296,146,115,"17-EG6-1","IF3-5",NULL,"LIM_EAL_PAG_1","Gi0/1/5","","",13,32),	(297,146,70,"IF3-5","17-EG6-1",296,"","","","",13,32),	(298,146,68,"17-EG6-2","IF3-5",297,"","","","",13,32),	(299,146,59,"IF3-5","17-EG6-1",298,"","","","",13,32),				
(300,147,116,"17-EG6-1","IF3-5",NULL,"LIM_EAL_PAG_1","Gi0/1/6","","",13,33),	(301,147,45,"IF4-6","IF3-5",300,"","","","",13,33),	(302,147,59,"IF1-2","17-EG6-2",301,"","","","",13,33),					
(303,22,117,"17-EG6-5","IF4-6",NULL,"LIM_SJM_RAN_1","Gi0/2/0/10","","",6,34),	(304,22,95,"IF3-5","IF1-2",303,"","","","",6,34),	(305,22,26,"IF3-5","17-EG6-1",304,"","","","",6,34),					
(306,148,120,"17-EG6-2","IF1-2",NULL,"LIM_EAL_PAG_1","Gi0/0/6","","",13,35),	(307,148,12,"IF3-5","IF4-6",306,"","","","",13,35),	(308,148,61,"IF4-6","17-EG6-3",307,"","","","",13,35),					
(309,149,122,"1-EM6TA-3","IF3-5",NULL,"LIM_EAL_PAG_1","Gi0/2/2","","",13,36),	(310,149,36,"IF3-5","17-EG6-1",309,"","","","",13,36),	(311,149,32,"17-EG6-2","IF4-6",310,"","","","",13,36),	(312,149,62,"IF1-2","17-EG6-1",311,"","","","",13,36),				
(313,54,123,"17-EG6-4","IF3-5",NULL,"LM_SJM_RAN_1","GI0/3/0/9","","",6,37),	(314,54,103,"IF3-5","17-EG6-1",313,"","","","",6,37),	(315,54,102,"17-EG6-4","IF4-6",314,"","","","",6,37),	(316,54,24,"IF3-5","17-EG6-3",315,"","","","",6,37),				
(317,48,124,"17-EG6-4","IF3-5",NULL,"LIM_SJMI_AGG_1","Gi1/1/9","","",6,38),	(318,48,100,"IF4-6","17-EG6-2",317,"","","","",6,38),	(319,48,97,"17-EG6-1","IF1-2",318,"","","","",6,38),	(320,48,131,"IF4-6","IF3-5",319,"","","","",6,38),	(321,48,27,"IF3-5","17-EG6-3",320,"","","","",6,38),			
(322,49,125,"17-EG6-4","IF3-5",NULL,"LIM_AERO_PAG_1","Gi0/4/3","IP Gestion: 10.80.6.24","10.80.6.17 /28",1,39),	(323,49,2,"IF3-5","17-EG6-1",322,"","","","",1,39),	(324,49,1,"17-EG6-1","IF4-6",323,"","","","",1,39),	(325,49,7,"IF4-6","17-EG6-2",324,"","","","",1,39),				
(326,152,125,"17-EG6-1","IF3-5",NULL,"LIM_AERO_PAG_1","Gi0/4/3","IP MW: 10.62.1.53/10.62.1.54 IP ETH: 10.62.1.57/10.62.1.58","",1,39),	(327,152,2,"IF3-5","17-EG6-1",326,"","","","",1,39),	(328,152,1,"17-EG6-1","IF4-6",327,"","","","",1,39),	(329,152,7,"IF4-6","17-EG6-2",328,"","","","",1,39),				
(330,50,126,"17-EG6-4","IF3-5",NULL,"LIM_EAL_PAG_1","Gi0/1/6","","",13,40),	(331,50,45,"IF1-2","IF3-5",330,"","","","",13,40),						
(332,159,126,"17-EG6-1","IF3-5",NULL,"LIM_EAL_PAG_1","Gi0/1/6","","",13,40),	(333,159,45,"IF1-2","IF3-5",332,"","","","",13,40),	(334,159,59,"IF1-2","17-EG6-2",333,"","","","",13,40),					
(335,95,126,"17-EG6-4","IF3-5",NULL,"LIM_EALZ_AGG_1_","Gi5/1/5","","",13,40),	(336,95,44,"IF3-5","17-EG6-2",335,"","","","",13,40),	(337,95,47,"17-EG6-2","17-EG6-4",336,"","","","",13,40),	(338,95,45,"17-EG6-2","IF3-5",337,"","","","",13,40),	(339,95,59,"IF1-2","17-EG6-4",338,"","","","",13,40),			
(340,122,126,"17-EG6-1","IF3-5",NULL,"LIM_EALZ_AGG_1_","Gi5/1/5","","",13,40),	(341,122,44,"IF3-5","17-EG6-2",340,"","","","",13,40),	(342,122,47,"17-EG6-2","17-EG6-4",341,"","","","",13,40),	(343,122,45,"17-EG6-2","IF3-5",342,"","","","",13,40),	(344,122,59,"IF1-2","17-EG6-4",343,"","","","",13,40),			
(345,56,127,"17-EG6-4","IF3-5",NULL,"LIM_EALZ_AGG_1","Gi1/1/12","","",13,41),	(346,56,56,"IF1-2","17-EG6-2",345,"","","","",13,41),						
(347,160,127,"17-EG6-1","IF3-5",NULL,"LIM_EALZ_AGG_1","Gi1/1/12","","",13,41),	(348,160,56,"IF1-2","17-EG6-2",347,"","","","",13,41),						
(349,57,128,"17-EG6-4","IF3-5",NULL,"LIM_EALZ_AGG_1","Gi5/1/7","","",13,42),	(350,57,38,"IF1-2","17-EG6-1",349,"","","","",13,42),	(351,57,32,"17-EG6-4","IF4-6",350,"","","","",13,42),	(352,57,62,"IF1-2","17-EG6-1",351,"","","","",13,42),				
(353,161,128,"17-EG6-1","IF3-5",NULL,"LIM_EAL_PAG_1","Gi0/2/2","","",13,42),	(354,161,38,"IF1-2","17-EG6-1",353,"","","","",13,42),	(355,161,32,"17-EG6-4","IF4-6",354,"","","","",13,42),	(356,161,62,"IF1-2","17-EG6-1",355,"","","","",13,42),				
(357,162,NULL,"","",NULL,"LIM_EAL_PAG_1","Gi0/0/2","","",13,43),							
(358,212,NULL,"","",NULL,"LIM_EAL_PAG_1","Gi0/2/3","","",13,43),							
(359,164,129,"17-EG6-1","IF3-5",NULL,"LIM_EAL_PAG_1","Gi0/2/2","","",13,44),	(360,164,38,"IF3-5","17-EG6-1",359,"","","","",13,44),	(361,164,32,"17-EG6-4","IF4-6",360,"","","","",13,44),	(362,164,62,"IF1-2","17-EG6-1",361,"","","","",13,44),				
(363,217,130,"17-EG6-3","IF3-5",NULL,"LIM_EAL_PAG_1","Gi0/3/0","","",13,45),	(364,217,57,"IF3-5","17-EG6-1",363,"","","","",13,45),						
(365,208,130,"17-EG6-2","IF3-5",NULL,"LIM_EAL_PAG_1","Gi0/3/0","","",13,45),	(366,208,57,"IF3-5","17-EG6-1",365,"","","","",13,45),						
(367,209,130,"2-EG4-1","IF3-5",NULL,"LIM_EAL_PAG_1","Gi0/3/0","","",13,45),	(368,209,57,"IF3-5","17-EG6-1",367,"","","","",13,45),						
(369,218,130,"2-EG4-2","IF3-5",NULL,"LIM_EAL_PAG_1","Gi0/3/0","","",13,45),	(370,218,57,"IF3-5","17-EG6-1",369,"","","","",13,45),						
(371,210,130,"2-EG4-3","IF3-5",NULL,"LIM_EAL_PAG_1","Gi0/3/0","","",13,45),	(372,210,57,"IF3-5","17-EG6-1",371,"","","","",13,45),						
(373,219,130,"2-EG4-4","IF3-5",NULL,"LIM_EAL_PAG_1","Gi0/3/0","","",13,45),	(374,219,57,"IF3-5","17-EG6-1",373,"","","","",13,45),						
(375,200,188,"17-EG6-1","IF3-5",NULL,"LIM_EAL_PAG_1","Gi0/3/1","10.80.3.247/ NMS COM","",13,45),	(376,200,58,"IF3-5","17-EG6-1",375,"","","","",13,45),						
(377,205,188,"17-EG6-1","IF3-5",NULL,"LIM_EAL_PAG_1","Gi0/3/1","","",13,45),	(378,205,58,"IF3-5","17-EG6-1",377,"","","","",13,45),						
(379,214,188,"17-EG6-1","IF3-5",NULL,"LIM_EAL_PAG_1","Gi0/3/1","","",13,45),	(380,214,58,"IF3-5","17-EG6-1",379,"","","","",13,45),						
(381,201,188,"17-EG6-1","IF3-5",NULL,"LIM_EAL_PAG_1","Gi0/3/1","","",13,45),	(382,201,58,"IF3-5","17-EG6-1",381,"","","","",13,45),						
(383,206,188,"17-EG6-1","IF3-5",NULL,"LIM_EAL_PAG_1","Gi0/3/1","","",13,45),	(384,206,58,"IF3-5","17-EG6-1",383,"","","","",13,45),						
(385,215,188,"17-EG6-1","IF3-5",NULL,"LIM_EAL_PAG_1","Gi0/3/1","","",13,45),	(386,215,58,"IF3-5","17-EG6-1",385,"","","","",13,45),						
(387,207,188,"17-EG6-1","IF3-5",NULL,"LIM_EAL_PAG_1","Gi0/3/1","","",13,45),	(388,207,58,"IF3-5","17-EG6-1",387,"","","","",13,45),						
(389,216,188,"17-EG6-1","IF3-5",NULL,"LIM_EAL_PAG_1","Gi0/3/1","","",13,45),	(390,216,58,"IF3-5","17-EG6-1",389,"","","","",13,45),						
(391,202,130,"17-EG6-1","IF3-5",NULL,"LIM_EAL_PAG_1","Gi0/3/0","10.80.3.246 / NMS COM","",13,45),	(392,202,57,"IF3-5","17-EG6-1",391,"","","","",13,45),						
(393,203,130,"17-EG6-4","IF3-5",NULL,"LIM_EAL_PAG_1","Gi0/3/0","","",13,45),	(394,203,57,"IF3-5","17-EG6-1",393,"","","","",13,45),						
(395,19,132,"17-EG6-5","IF3-5",NULL,"LIM_SJM_RAN_1","Gi0/2/0/12","","",6,46),	(396,19,132,"IF4-6","IF3-5",395,"","","","",6,46),	(397,19,31,"IF3-5","17-EG6-2",396,"","","","",6,46),					
(398,18,134,"17-EG6-5","IF3-5",NULL,"LIM_SJM_RAN_1","Gi0/2/0/8","","",6,47),	(399,18,29,"IF3-5","17-EG6-2",398,"","","","",6,47),						
(400,55,134,"17-EG6-4","IF3-5",NULL,"LIM_SJM_RAN_1","Gi0/2/0/8","","",6,47),	(401,55,29,"IF3-5","17-EG6-2",400,"","","","",6,47),						
(402,15,135,"17-EG6-5","IF3-5",NULL,"LIM_SJMI_AGG_1_","Gi1/1/16","","",6,48),	(403,15,28,"IF4-6","17-EG6-4",402,"","","","",6,48),						
(404,58,135,"17-EG6-4","IF3-5",NULL,"LIM_SJMI_AGG_1_","Gi1/1/16","","",6,48),	(405,58,28,"IF4-6","17-EG6-4",404,"","","","",6,48),						
(406,165,135,"17-EG6-1","IF3-5",NULL,"LIM_SJMI_AGG_1_","Gi1/1/16","","",6,48),	(407,165,28,"IF4-6","17-EG6-4",406,"","","","",6,48),						
(408,53,136,"17-EG6-4","IF3-5",NULL,"LIM_SJM_RAN_1","Gi0/2/0/2","","",6,49),	(409,53,27,"IF4-6","17-EG6-3",408,"","","","",6,49),						
(410,224,136,"17-EG6-6","IF3-5",NULL,"LIM_SJMI_AGG_1","Gi1/1/1","","",6,49),	(411,224,27,"IF4-6","17-EG6-6",410,"","","","",6,49),						
(412,59,137,"17-EG6-4","IF3-5",NULL,"LIM_AERO_PAG_1","Gi0/4/1","","",1,50),	(413,59,3,"IF3-5","17-EG6-3",412,"","","","",1,50),						
(414,166,137,"17-EG6-1","IF3-5",NULL,"LIM_AERO_PAG_1","Gi0/4/1","10.80.6.19 / NMS COM","Ext NMS COM 0100004_LM_Aeropuerto to Coldex",1,50),	(415,166,3,"IF3-5","17-EG6-3",414,"","","","",1,50),						
(416,60,138,"17-EG6-4","17-EG6-6",NULL,"LIM_AERO_PAG_1","Gi0/3/3","","",1,51),							
(417,93,138,"17-EG6-3","17-EG6-6",NULL,"LIM_AERO_PAG_1","Gi0/3/3","","",1,51),							
(418,167,138,"17-EG6-1","17-EG6-6",NULL,"LIM_AERO_PAG_1","Gi0/3/3","","",1,51),							
(419,61,139,"17-EG6-4","IF3-5",NULL,"LIM_AERO_PAG_1","Gi0/4/1","","",1,52),	(420,61,3,"IF4-6","17-EG6-3",419,"","","","",1,52),						
(421,168,139,"17-EG6-1","IF3-5",NULL,"LIM_AERO_PAG_1","Gi0/4/1","","",1,52),	(422,168,3,"IF4-6","17-EG6-3",421,"","","","",1,52),						
(423,7,140,"17-EG6-5","IF3-5",NULL,"LIM_AERO_PAG_1","Gi0/2/3","","",1,53),	(424,7,8,"IF3-5","17-EG6-2",423,"","","","",1,53),						
(425,169,140,"17-EG6-2","IF3-5",NULL,"LIM_AERO_PAG_1","Gi0/2/3","10.80.6.22 / NMS COM","Ext NMS COM 0100004_LM_Aeropuerto to Oquendo",1,53),	(426,169,8,"IF3-5","17-EG6-2",425,"","","","",1,53),						
(427,92,142,"17-EG6-4","17-EG6-2",NULL,"LIM_AERO_PAG_1","Gi0/2/3","","",1,53),	(428,92,140,"17-EG6-1","IF3-5",427,"","","","",1,53),	(429,92,8,"IF3-5","17-EG6-2",428,"","","","",1,53),					
(430,62,144,"17-EG6-4","IF3-5",NULL,"LIM_AERO_PAG_1","Gi0/2/3","","",1,54),	(431,62,142,"IF1-2","17-EG6-2",430,"","","","",1,54),	(432,62,140,"17-EG6-1","IF3-5",431,"","","","",1,54),	(433,62,8,"IF3-5","17-EG6-2",432,"","","","",1,54),				
(434,170,144,"17-EG6-1","IF3-5",NULL,"LIM_AERO_PAG_1","Gi0/2/3","","",1,54),	(435,170,142,"IF1-2","17-EG6-2",434,"","","","",1,54),	(436,170,140,"17-EG6-1","IF3-5",435,"","","","",1,54),	(437,170,8,"IF3-5","17-EG6-2",436,"","","","",1,54),				
(438,63,145,"17-EG6-4","IF3-5",NULL,"LIM_AERO_PAG_1","Gi0/4/4","","",1,55),	(439,63,83,"IF3-5","17-EG6-2",438,"","","","",1,55),	(440,63,81,"17-EG6-1","IF3-5",439,"","","","",1,55),	(441,63,6,"IF3-5","17-EG6-1",440,"","","","",1,55),				
(442,171,145,"17-EG6-1","IF3-5",NULL,"LIM_AERO_PAG_1","Gi0/4/4","","",1,55),	(443,171,83,"IF3-5","17-EG6-2",442,"","","","",1,55),	(444,171,81,"17-EG6-1","IF3-5",443,"","","","",1,55),	(445,171,6,"IF3-5","17-EG6-1",444,"","","","",1,55),				
(446,64,146,"17-EG6-4","IF3-5",NULL,"LIM_AERO_PAG_1","Gi0/2/3","","",1,56),	(447,64,140,"IF1-2","IF3-5",446,"","","","",1,56),	(448,64,8,"IF3-5","17-EG6-2",447,"","","","",1,56),					
(449,172,146,"17-EG6-1","IF3-5",NULL,"LIM_AERO_PAG_1","Gi0/2/3","","",1,56),	(450,172,140,"IF1-2","IF3-5",449,"","","","",1,56),	(451,172,8,"IF3-5","17-EG6-2",450,"","","","",1,56),					
(452,2,147,"17-EG6-5","IF3-5",NULL,"LIM_EAL_PAG_1","Gi0/0/6","","",13,57),	(453,2,120,"IF4-6","IF1-2",452,"","","","",13,57),	(454,2,12,"IF3-5","IF4-6",453,"","","","",13,57),	(455,2,61,"IF4-6","17-EG6-3",454,"","","","",13,57),				
(456,65,147,"17-EG6-4","IF3-5",NULL,"LIM_EAL_PAG_1","Gi0/0/6","","",13,57),	(457,65,120,"IF4-6","IF1-2",456,"","","","",13,57),	(458,65,12,"IF3-5","IF4-6",457,"","","","",13,57),	(459,65,61,"IF4-6","17-EG6-3",458,"","","","",13,57),				
(460,173,147,"17-EG6-1","IF3-5",NULL,"LIM_EAL_PAG_1","Gi0/0/6","","",13,57),	(461,173,120,"IF4-6","IF1-2",460,"","","","",13,57),	(462,173,12,"IF3-5","IF4-6",461,"","","","",13,57),	(463,173,61,"IF4-6","17-EG6-3",462,"","","","",13,57),				
(464,66,148,"17-EG6-4","IF3-5",NULL,"LIM_EAL_PAG_1","Gi0/0/6","","",13,58),	(465,66,14,"IF1-2","17-EG6-1",464,"","","","",13,58),	(466,66,12,"17-EG6-3","IF4-6",465,"","","","",13,58),	(467,66,61,"IF4-6","17-EG6-3",466,"","","","",13,58),				
(468,174,148,"17-EG6-1","IF3-5",NULL,"LIM_EAL_PAG_1","Gi0/0/6","","",13,58),	(469,174,14,"IF1-2","17-EG6-1",468,"","","","",13,58),	(470,174,12,"17-EG6-3","IF4-6",469,"","","","",13,58),	(471,174,61,"IF4-6","17-EG6-3",470,"","","","",13,58),				
(472,67,149,"17-EG6-4","IF3-5",NULL,"LIM_EAL_PAG_1","Gi0/0/6","","",13,59),	(473,67,120,"IF3-5","IF1-2",472,"","","","",13,59),	(474,67,12,"IF3-5","IF4-6",473,"","","","",13,59),	(475,67,61,"IF4-6","17-EG6-3",474,"","","","",13,59),				
(476,175,149,"17-EG6-1","IF3-5",NULL,"LIM_EAL_PAG_1","Gi0/0/6","","",13,59),	(477,175,120,"IF3-5","IF1-2",476,"","","","",13,59),	(478,175,12,"IF3-5","IF4-6",477,"","","","",13,59),	(479,175,61,"IF4-6","17-EG6-3",478,"","","","",13,59),				
(480,23,150,"17-EG6-5","IF3-5",NULL,"LIM_SJM_RAN_1","Gi0/3/0/14","","",6,60),	(481,23,26,"IF3-5","17-EG6-2",480,"","","","",6,60),	(482,23,26,"IF3-5","17-EG6-2",481,"","","","",6,60),					
(483,68,151,"17-EG6-4","IF3-5",NULL,"LIM_SJMI_AGG_1","Gi1/1/13","","",6,61),	(484,68,25,"IF1-2","17-EG6-1",483,"","","","",6,61),						
(485,52,152,"17-EG6-4","IF3-5",NULL,"LIM_SJMI_AGG_1","Gi1/1/14","","",6,62),	(486,52,100,"IF1-2","17-EG6-2",485,"","","","",6,62),	(487,52,97,"17-EG6-1","IF1-2",486,"","","","",6,62),	(488,52,131,"IF4-6","IF3-5",487,"","","","",6,62),	(489,52,27,"IF3-5","17-EG6-4",488,"","","","",6,62),			
(490,69,153,"17-EG6-4","IF3-5",NULL,"LIM_EAL_PAG_1","Gi0/1/5","","",13,63),	(491,69,59,"IF4-6","17-EG6-1",490,"","","","",13,63),						
(492,176,154,"17-EG6-1","IF3-5",NULL,"LIM_EAL_PAG_1","Gi0/0/5","","",13,64),	(493,176,14,"IF3-5","17-EG6-1",492,"","","","",13,64),	(494,176,12,"17-EG6-3","IF4-6",493,"","","","",13,64),	(495,176,61,"IF4-6","17-EG6-2",494,"","","","",13,64),				
(496,70,155,"17-EG6-4","IF3-5",NULL,"LIM_EAL_PAG_1","Gi0/0/6","","",13,65),	(497,70,14,"IF4-6","17-EG6-1",496,"","","","",13,65),	(498,70,12,"17-EG6-3","IF4-6",497,"","","","",13,65),	(499,70,61,"IF4-6","17-EG6-3",498,"","","","",13,65),				
(500,177,155,"17-EG6-1","IF3-5",NULL,"LIM_EAL_PAG_1","Gi0/0/6","","",13,65),	(501,177,14,"IF4-6","17-EG6-1",500,"","","","",13,65),	(502,177,12,"17-EG6-3","IF4-6",501,"","","","",13,65),	(503,177,61,"IF4-6","17-EG6-3",502,"","","","",13,65),				
(504,71,156,"17-EG6-4","IF3-5",NULL,"LIM_EAL_PAG_1","Gi0/0/3","","",13,66),	(505,71,60,"IF3-5","17-EG6-3",504,"","","","",13,66),						
(506,178,156,"17-EG6-1","IF3-5",NULL,"LIM_EAL_PAG_1","Gi0/0/3","10.80.3.242 / NMS COM","",13,66),	(507,178,60,"IF3-5","17-EG6-3",506,"","","","",13,66),						
(508,72,157,"17-EG6-4","IF1-2",NULL,"LIM_EAL_PAG_1","Gi0/0/6","","",13,67),	(509,72,61,"IF1-2","17-EG6-3",508,"","","","",13,67),						
(510,179,157,"17-EG6-1","IF1-2",NULL,"LIM_EAL_PAG_1","Gi0/0/6","","",13,67),	(511,179,61,"IF1-2","17-EG6-3",510,"","","","",13,67),						
(512,8,159,"17-EG6-5","IF3-5",NULL,"LIM_EAL_PAG_1","Gi0/2/0","","",13,68),	(513,8,111,"IF3-5","IF4-6",512,"","","","",13,68),	(514,8,66,"IF3-5","17-EG6-2",513,"","","","",13,68),	(515,8,68,"17-EG6-4","IF3-5",514,"","","","",13,68),	(516,8,59,"IF3-5","17-EG6-4",515,"","","","",13,68),			
(517,73,159,"17-EG6-4","IF3-5",NULL,"LIM_EAL_PAG_1","Gi0/2/0","","",13,68),	(518,73,111,"IF3-5","IF4-6",517,"","","","",13,68),	(519,73,66,"IF3-5","17-EG6-2",518,"","","","",13,68),	(520,73,68,"17-EG6-4","IF3-5",519,"","","","",13,68),	(521,73,59,"IF3-5","17-EG6-4",520,"","","","",13,68),			
(522,180,159,"17-EG6-1","IF3-5",NULL,"LIM_EAL_PAG_1","Gi0/2/0","","",13,68),	(523,180,111,"IF3-5","IF4-6",522,"","","","",13,68),	(524,180,66,"IF3-5","17-EG6-2",523,"","","","",13,68),	(525,180,68,"17-EG6-4","IF3-5",524,"","","","",13,68),	(526,180,59,"IF3-5","17-EG6-4",525,"","","","",13,68),			
(527,74,160,"17-EG6-4","IF3-5",NULL,"LIM_EAL_PAG_1","Gi0/0/4","","",13,69),	(528,74,62,"IF3-5","17-EG6-2",527,"","","","",13,69),						
(529,181,160,"17-EG6-1","IF3-5",NULL,"LIM_EAL_PAG_1","Gi0/0/4","10.80.3.243 / NMS COM","",13,69),	(530,181,62,"IF3-5","17-EG6-2",529,"","","","",13,69),						
(531,75,161,"17-EG6-4","IF3-5",NULL,"LIM_EAL_PAG_1","Gi0/2/0","","",13,70),	(532,75,68,"IF4-6","IF3-5",531,"","","","",13,70),	(533,75,59,"IF3-5","17-EG6-4",532,"","","","",13,70),					
(534,11,161,"17-EG6-5","IF3-5",NULL,"LIM_EALZ_AGG_1","Gi5/1/5","","",13,70),	(535,11,64,"IF4-6","17-EG6-1",534,"","","","",13,70),	(536,11,63,"17-EG6-2","IF3-5",535,"","","","",13,70),	(537,11,59,"IF3-5","17-EG6-4",536,"","","","",13,70),				
(538,94,161,"17-EG6-4","IF3-5",NULL,"LIM_EALZ_AGG_1","Gi5/1/5","","",13,70),	(539,94,64,"IF4-6","17-EG6-1",538,"","","","",13,70),	(540,94,63,"17-EG6-2","IF3-5",539,"","","","",13,70),	(541,94,59,"IF3-5","17-EG6-4",540,"","","","",13,70),				
(542,182,161,"17-EG6-1","IF3-5",NULL,"LIM_EALZ_AGG_1","Gi5/1/5","","",13,70),	(543,182,64,"IF4-6","17-EG6-1",542,"","","","",13,70),	(544,182,63,"17-EG6-2","IF3-5",543,"","","","",13,70),	(545,182,59,"IF3-5","17-EG6-4",544,"","","","",13,70),				
(546,183,162,"17-EG6-1","IF3-5",NULL,"LIM_EAL_PAG_1","Gi0/0/3","","",13,71),	(547,183,60,"IF1-2","17-EG6-3",546,"","","","",13,71),						
(548,76,163,"17-EG6-4","IF3-5",NULL,"LIM_EAL_PAG_1","Gi0/1/3","","",13,72),	(549,76,56,"IF4-6","17-EG6-2",548,"","","","",13,72),						
(550,184,163,"17-EG6-1","IF3-5",NULL,"LIM_EAL_PAG_1","Gi0/1/3","","",13,72),	(551,184,56,"IF4-6","17-EG6-2",550,"","","","",13,72),						
(552,77,164,"17-EG6-4","IF3-5",NULL,"LIM_EAL_PAG_1","Gi0/0/3","","",13,73),	(553,77,60,"IF4-6","17-EG6-3",552,"","","","",13,73),						
(554,185,164,"17-EG6-1","IF3-5",NULL,"LIM_EAL_PAG_1","Gi0/0/3","","",13,73),	(555,185,60,"IF4-6","17-EG6-3",554,"","","","",13,73),						
(556,78,165,"17-EG6-4","IF3-5",NULL,"LIM_EAL_PAG_1","Gi0/1/6","","",13,74),	(557,78,47,"IF3-5","17-EG6-4",556,"","","","",13,74),	(558,78,45,"17-EG6-2","IF3-5",557,"","","","",13,74),	(559,78,59,"IF1-2","17-EG6-2",558,"","","","",13,74),				
(560,186,165,"17-EG6-1","IF3-5",NULL,"LIM_EAL_PAG_1","Gi0/1/6","","",13,74),	(561,186,47,"IF3-5","17-EG6-4",560,"","","","",13,74),	(562,186,45,"17-EG6-2","IF3-5",561,"","","","",13,74),	(563,186,59,"IF1-2","17-EG6-2",562,"","","","",13,74),				
(564,79,166,"17-EG6-4","IF3-5",NULL,"LIM_EAL_PAG_1","Gi0/0/5","","",13,75),	(565,79,113,"IF3-5","IF4-6",564,"","","","",13,75),	(566,79,61,"IF3-5","17-EG6-2",565,"","","","",13,75),					
(567,154,166,"17-EG6-6","IF3-5",NULL,"LIM_EAL_PAG_1","Gi0/0/5","","",13,75),	(568,154,113,"IF3-5","IF4-6",567,"","","","",13,75),	(569,154,61,"IF3-5","17-EG6-2",568,"","","","",13,75),					
(570,153,166,"17-EG6-5","IF3-5",NULL,"LIM_EAL_PAG_1","Gi0/0/5","","",13,75),	(571,153,113,"IF3-5","IF4-6",570,"","","","",13,75),	(572,153,61,"IF3-5","17-EG6-2",571,"","","","",13,75),					
(573,145,166,"2-EG4-1","IF3-5",NULL,"LIM_EAL_PAG_1","Gi0/0/6","","",13,75),	(574,145,113,"IF3-5","IF4-6",573,"","","","",13,75),	(575,145,61,"IF3-5","17-EG6-3",574,"","","","",13,75),					
(576,158,166,"2-EG4-2","IF3-5",NULL,"LIM_EAL_PAG_1","Gi0/0/6","","",13,75),	(577,158,113,"IF3-5","IF4-6",576,"","","","",13,75),	(578,158,61,"IF3-5","17-EG6-3",577,"","","","",13,75),					
(579,187,166,"17-EG6-1","IF3-5",NULL,"LIM_EAL_PAG_1","Gi0/0/5","","",13,75),	(580,187,113,"IF3-5","IF4-6",579,"","","","",13,75),	(581,187,61,"IF3-5","17-EG6-2",580,"","","","",13,75),					
(582,10,168,"17-EG6-5","IF3-5",NULL,"LIM_EAL_PAG_1","Gi0/0/5","","",13,76),	(583,10,157,"IF4-6","IF1-2",582,"","","","",13,76),	(584,10,61,"IF1-2","17-EG6-2",583,"","","","",13,76),					
(585,80,168,"17-EG6-4","IF3-5",NULL,"LIM_EAL_PAG_1","Gi0/0/6","","",13,76),	(586,80,157,"IF4-6","IF1-2",585,"","","","",13,76),	(587,80,61,"IF1-2","17-EG6-3",586,"","","","",13,76),					
(588,188,168,"17-EG6-1","IF3-5",NULL,"LIM_EAL_PAG_1","Gi0/0/6","","",13,76),	(589,188,157,"IF4-6","IF1-2",588,"","","","",13,76),	(590,188,61,"IF1-2","17-EG6-3",589,"","","","",13,76),					
(591,81,169,"17-EG6-4","IF3-5",NULL,"LIM_SJMI_AGG_1","Gi1/1/14","","",6,77),	(592,81,91,"IF4-6","IF3-5",591,"","","","",6,77),	(593,81,28,"IF3-5","17-EG6-2",592,"","","","",6,77),	(594,81,27,"17-EG6-1","17-EG6-4",593,"","","","",6,77),				
(595,189,169,"17-EG6-1","IF3-5",NULL,"LIM_SJMI_AGG_1","Gi1/1/14","","",6,77),	(596,189,91,"IF4-6","IF3-5",595,"","","","",6,77),	(597,189,28,"IF3-5","17-EG6-2",596,"","","","",6,77),	(598,189,27,"17-EG6-1","17-EG6-4",597,"","","","",6,77),				
(599,17,170,"17-EG6-5","IF3-5",NULL,"LIM_SJM_RAN_1","Gi0/2/0/7","","",6,78),	(600,17,97,"IF4-6","IF1-2",599,"","","","",6,78),	(601,17,131,"IF4-6","IF3-5",600,"","","","",6,78),	(602,17,27,"IF3-5","17-EG6-4",601,"","","","",6,78),				
(603,16,171,"17-EG6-5","IF3-5",NULL,"LIM_SJM_RAN_1","Gi0/2/0/10","","",6,79),	(604,16,117,"IF3-5","IF4-6",603,"","","","",6,79),	(605,16,117,"IF3-5","IF1-2",604,"","","","",6,79),	(606,16,26,"IF3-5","17-EG6-1",605,"","","","",6,79),				
(607,25,172,"17-EG6-5","IF3-5",NULL,"LIM_LTO_RAN_1","Gi0/3/0/3","","",6,80),	(608,25,50,"IF4-6","17-EG6-3",607,"","","","",6,80),	(609,25,49,"17-EG6-2","IF3-5",608,"","","","",6,80),	(610,25,101,"IF3-5","17-EG6-1",609,"","","","",6,80),	(611,25,102,"17-EG6-2","IF4-6",610,"","","","",6,80),	(612,25,24,"IF3-5","17-EG6-4",611,"","","","",6,80),		
(613,99,190,"17-EG6-3","IF3-5",NULL,"LIM_SJMI_AGG_1","Gi1/1/9","","",6,81),	(614,99,119,"IF4-6","IF3-5",613,"","","","",6,81),	(615,99,97,"IF3-5","IF1-2",614,"","","","",6,81),	(616,99,131,"IF4-6","IF3-5",615,"","","","",6,81),	(617,99,27,"IF3-5","17-EG6-3",616,"","","","",6,81),			
(618,97,190,"17-EG6-1","IF3-5",NULL,"LIM_SJMI_AGG_1","Gi1/1/9","","",6,81),	(619,97,119,"IF4-6","IF3-5",618,"","","","",6,81),	(620,97,97,"IF3-5","IF1-2",619,"","","","",6,81),	(621,97,131,"IF4-6","IF3-5",620,"","","","",6,81),	(622,97,27,"IF3-5","17-EG6-3",621,"","","","",6,81),			
(623,98,190,"17-EG6-2","IF3-5",NULL,"LIM_SJMI_AGG_1","Gi1/1/9","","",6,81),	(624,98,119,"IF4-6","IF3-5",623,"","","","",6,81),	(625,98,97,"IF3-5","IF1-2",624,"","","","",6,81),	(626,98,131,"IF4-6","IF3-5",625,"","","","",6,81),	(627,98,27,"IF3-5","17-EG6-3",626,"","","","",6,81),			
(628,100,189,"17-EG6-1","17-EG6-4",NULL,"LIM_SJMI_AGG_1","Gi1/1/9","","",6,81),	(629,100,190,"17-EG6-4","IF3-5",628,"","","","",6,81),	(630,100,119,"IF4-6","IF3-5",629,"","","","",6,81),	(631,100,97,"IF3-5","IF1-2",630,"","","","",6,81),	(632,100,131,"IF4-6","IF3-5",631,"","","","",6,81),	(633,100,27,"IF3-5","17-EG6-3",632,"","","","",6,81),		
(634,101,189,"17-EG6-2","17-EG6-4",NULL,"LIM_SJMI_AGG_1","Gi1/1/9","","",6,81),	(635,101,190,"17-EG6-4","IF3-5",634,"","","","",6,81),	(636,101,119,"IF4-6","IF3-5",635,"","","","",6,81),	(637,101,97,"IF3-5","IF1-2",636,"","","","",6,81),	(638,101,131,"IF4-6","IF3-5",637,"","","","",6,81),	(639,101,27,"IF3-5","17-EG6-3",638,"","","","",6,81),		
(640,102,189,"17-EG6-3","17-EG6-4",NULL,"LIM_SJMI_AGG_1","Gi1/1/9","","",6,81),	(641,102,190,"17-EG6-4","IF3-5",640,"","","","",6,81),	(642,102,119,"IF4-6","IF3-5",641,"","","","",6,81),	(643,102,97,"IF3-5","IF1-2",642,"","","","",6,81),	(644,102,131,"IF4-6","IF3-5",643,"","","","",6,81),	(645,102,27,"IF3-5","17-EG6-3",644,"","","","",6,81),		
(646,90,192,"17-EG6-4","IF3-5",NULL,"LIM_EAL_PAG_1","Gi0/0/4","","",13,82),	(647,90,87,"IF1-2","IF4-6",646,"","","","",13,82),	(648,90,18,"IF3-5","17-EG6-2",647,"","","","",13,82),	(649,90,16,"17-EG6-1","IF1-2",648,"","","","",13,82),	(650,90,32,"IF3-5","IF4-6",649,"","","","",13,82),	(651,90,62,"IF1-2","17-EG6-2",650,"","","","",13,82),		
(652,211,192,"17-EG6-1","IF3-5",NULL,"LIM_EAL_PAG_1","Gi0/0/4","","",13,82),	(653,211,87,"IF1-2","IF4-6",652,"","","","",13,82),	(654,211,18,"IF3-5","17-EG6-2",653,"","","","",13,82),	(655,211,16,"17-EG6-1","IF1-2",654,"","","","",13,82),	(656,211,32,"IF3-5","IF4-6",655,"","","","",13,82),	(657,211,62,"IF1-2","17-EG6-2",656,"","","","",13,82),		
(658,82,173,"17-EG6-4","IF3-5",NULL,"LIM_AERO_PAG_1","Gi0/2/2","","",1,83),	(659,82,53,"IF3-5","17-EG6-1",658,"","","","",1,83),	(660,82,54,"17-EG6-3","IF4-6",659,"","","","",1,83),	(661,82,85,"IF3-5","IF4-6",660,"","","","",1,83),	(662,82,6,"IF4-6","17-EG6-2",661,"","","","",1,83),			
(663,28,174,"17-EG6-4","IF3-5",NULL,"LIM_EAL_PAG_1","Gi0/0/4","","",13,84),	(664,28,87,"IF3-5","IF4-6",663,"","","","",13,84),	(665,28,18,"IF3-5","17-EG6-2",664,"","","","",13,84),	(666,28,16,"17-EG6-1","IF1-2",665,"","","","",13,84),	(667,28,32,"IF3-5","IF4-6",666,"","","","",13,84),	(668,28,62,"IF1-2","17-EG6-2",667,"","","","",13,84),		
(669,190,174,"17-EG6-1","IF3-5",NULL,"LIM_EAL_PAG_1","Gi0/0/4","","",13,84),	(670,190,87,"IF3-5","IF4-6",669,"","","","",13,84),	(671,190,18,"IF3-5","17-EG6-2",670,"","","","",13,84),	(672,190,16,"17-EG6-1","IF1-2",671,"","","","",13,84),	(673,190,32,"IF3-5","IF4-6",672,"","","","",13,84),	(674,190,62,"IF1-2","17-EG6-2",673,"","","","",13,84),		
(675,83,175,"17-EG6-4","IF4-6",NULL,"LIM_EAL_PAG_1","Gi0/0/4","","",13,85),	(676,83,72,"IF4-6","IF3-5",675,"","","","",13,85),	(677,83,35,"IF3-5","17-EG6-3",676,"","","","",13,85),	(678,83,32,"17-EG6-3","IF4-6",677,"","","","",13,85),	(679,83,62,"IF1-2","17-EG6-2",678,"","","","",13,85),			
(680,191,175,"17-EG6-1","IF4-6",NULL,"LIM_EAL_PAG_1","Gi0/0/4","","",13,85),	(681,191,72,"IF4-6","IF3-5",680,"","","","",13,85),	(682,191,35,"IF3-5","17-EG6-3",681,"","","","",13,85),	(683,191,32,"17-EG6-3","IF4-6",682,"","","","",13,85),	(684,191,62,"IF1-2","17-EG6-2",683,"","","","",13,85),			
(685,84,176,"17-EG6-4","IF4-6",NULL,"LIM_EAL_PAG_1","Gi0/2/2","","",13,86),	(686,84,16,"IF3-5","IF1-2",685,"","","","",13,86),	(687,84,32,"IF3-5","IF4-6",686,"","","","",13,86),	(688,84,62,"IF1-2","17-EG6-1",687,"","","","",13,86),				
(689,192,176,"17-EG6-1","IF4-6",NULL,"LIM_EAL_PAG_1","Gi0/2/2","","",13,86),	(690,192,16,"IF3-5","IF1-2",689,"","","","",13,86),	(691,192,32,"IF3-5","IF4-6",690,"","","","",13,86),	(692,192,62,"IF1-2","17-EG6-1",691,"","","","",13,86),				
(693,85,178,"17-EG6-4","17-EG6-5",NULL,"LIM_EAL_PAG_1","Gi0/0/4","","",13,87),	(694,85,16,"17-EG6-5","IF1-2",693,"","","","",13,87),	(695,85,32,"IF3-5","IF4-6",694,"","","","",13,87),	(696,85,62,"IF1-2","17-EG6-2",695,"","","","",13,87),				
(697,193,178,"17-EG6-1","17-EG6-5",NULL,"LIM_EAL_PAG_1","Gi0/0/4","","",13,87),	(698,193,16,"17-EG6-5","IF1-2",697,"","","","",13,87),	(699,193,32,"IF3-5","IF4-6",698,"","","","",13,87),	(700,193,62,"IF1-2","17-EG6-2",699,"","","","",13,87),				
(701,86,179,"17-EG6-4","IF4-6",NULL,"LIM_EAL_PAG_1","Gi0/0/4","","",13,88),	(702,86,176,"IF3-5","IF4-6",701,"","","","",13,88),	(703,86,16,"IF3-5","IF1-2",702,"","","","",13,88),	(704,86,32,"IF3-5","IF4-6",703,"","","","",13,88),	(705,86,62,"IF1-2","17-EG6-2",704,"","","","",13,88),			
(706,194,179,"17-EG6-1","IF4-6",NULL,"LIM_EAL_PAG_1","Gi0/0/4","","",13,88),	(707,194,176,"IF3-5","IF4-6",706,"","","","",13,88),	(708,194,16,"IF3-5","IF1-2",707,"","","","",13,88),	(709,194,32,"IF3-5","IF4-6",708,"","","","",13,88),	(710,194,62,"IF1-2","17-EG6-2",709,"","","","",13,88),			
(711,1,180,"17-EG6-5","IF3-5",NULL,"LIM_EAL_PAG_1","Gi0/0/4","","",13,89),	(712,1,16,"IF4-6","IF1-2",711,"","","","",13,89),	(713,1,32,"IF3-5","IF4-6",712,"","","","",13,89),	(714,1,62,"IF1-2","17-EG6-2",713,"","","","",13,89),				
(715,195,180,"17-EG6-1","IF3-5",NULL,"LIM_EAL_PAG_1","Gi0/0/4","","",13,89),	(716,195,16,"IF4-6","IF1-2",715,"","","","",13,89),	(717,195,32,"IF3-5","IF4-6",716,"","","","",13,89),	(718,195,62,"IF1-2","17-EG6-2",717,"","","","",13,89),				
(719,87,181,"17-EG6-4","IF3-5",NULL,"LIM_EAL_PAG_1","Gi0/2/2","","",13,90),	(720,87,38,"IF4-6","17-EG6-1",719,"","","","",13,90),	(721,87,32,"17-EG6-4","IF4-6",720,"","","","",13,90),	(722,87,62,"IF1-2","17-EG6-1",721,"","","","",13,90),				
(723,196,181,"17-EG6-1","IF3-5",NULL,"LIM_EAL_PAG_1","Gi0/2/2","","",13,90),	(724,196,38,"IF4-6","17-EG6-1",723,"","","","",13,90),	(725,196,32,"17-EG6-4","IF4-6",724,"","","","",13,90),	(726,196,62,"IF1-2","17-EG6-1",725,"","","","",13,90),				
(727,197,182,"17-EG6-1","IF3-5",NULL,"LIM_EAL_PAG_1","Gi0/2/2","","",13,91),	(728,197,79,"IF3-5","IF1-2",727,"","","","",13,91),	(729,197,36,"IF4-6","17-EG6-1",728,"","","","",13,91),	(730,197,32,"17-EG6-2","IF4-6",729,"","","","",13,91),	(731,197,62,"IF1-2","17-EG6-1",730,"","","","",13,91),			
(732,88,184,"17-EG6-4","IF3-5",NULL,"LIM_AERO_PAG_1","Gi0/4/2","","",1,92),	(733,88,9,"IF4-6","17-EG6-4",732,"","","","",1,92),						
(734,198,184,"17-EG6-1","IF3-5",NULL,"LIM_AERO_PAG_1","Gi0/4/2","","",1,92),	(735,198,9,"IF4-6","17-EG6-4",734,"","","","",1,92),						
(736,120,183,"2-CXPB-1","2-CXPB-17",NULL,"LIM_AERO_PAG_1","Gi0/4/6","","",1,92),	(737,120,184,"17-EG6-2","IF3-5",736,"","","","",1,92),	(738,120,9,"IF4-6","17-EG6-2",737,"","","","",1,92),	(739,120,7,"17-EG6-4","17-EG6-1",738,"","","","",1,92),	(740,120,197,"33-ETMC-1","17-EG16-4",739,"","","","",1,92),	(741,120,196,"17-EG16-4","24-D12-21",740,"","","","",1,92),		
(742,225,183,"2-CXPB-20","2-CXPB-17",NULL,"LIM_AERO_PAG_1","Gi0/4/5","","",1,92),	(743,225,184,"17-EG6-2","IF3-5",742,"","","","",1,92),	(744,225,9,"IF4-6","17-EG6-2",743,"","","","",1,92),	(745,225,7,"17-EG6-4","IF3-5",744,"","","","",1,92),	(746,225,43,"IF3-5","17-EG6-2",745,"","","","",1,92),	(747,225,195,"35-ETMC-2","17-EG16-1",746,"","","","",1,92),	(748,225,196,"15-EG16-2","15-EG16-3",747,"","","","",1,92),	
(749,51,186,"17-EG6-4","IF3-5",NULL,"LIM_AERO_PAG_1","Gi0/4/2","","",1,93),	(750,51,9,"IF3-5","17-EG6-4",749,"","","","",1,93),						
(751,6,187,"17-EG6-5","17-EG6-6",NULL,"LIM_AERO_PAG_1","Gi0/4/2","","",1,94),	(752,6,10,"17-EG6-6","17-EG6-4",751,"","","","",1,94),						
(753,89,187,"17-EG6-4","17-EG6-6",NULL,"LIM_AERO_PAG_1","Gi0/4/2","","",1,94),	(754,89,10,"17-EG6-6","17-EG6-4",753,"","","","",1,94),						
(755,199,187,"17-EG6-1","17-EG6-6",NULL,"LIM_AERO_PAG_1","Gi0/4/2","","",1,94),	(756,199,10,"17-EG6-6","17-EG6-4",755,"","","","",1,94),						
(757,121,187,"2-ML1-1","IF3-5",NULL,"LIM_AERO_PAG_1","Gi0/4/6","","",1,94),	(758,121,9,"IF1-2","17-EG6-2",757,"","","","",1,94),	(759,121,7,"17-EG6-4","17-EG6-1",758,"","","","",1,94),	(760,121,197,"33-ETMC-1","17-EG16-4",759,"","","","",1,94),	(761,121,196,"17-EG16-4","7-MP1-Port1VC12-44",760,"","","","",1,94),			
(762,220,193,"17-EG6-1","IF3",NULL,"LIM_EAL_PAG_1","Gi0/1/4","","",13,95),	(763,220,57,"IF1","17-EG6-4",762,"","","","",13,95),						
(764,221,194,"17-EG6-1","IF3",NULL,"LIM_EAL_PAG_1","Gi0/1/4","","",13,96),	(765,221,57,"IF2","17-EG6-4",764,"","","","",13,96);